id,producto_base,foto_principal,fotos_adicionales,image_link,additional_image_link,title,description,price,link,brand,availability,condition,item_group_id,color,size
001,1,1.1.jpg,"1.2.jpg, 1.3.jpg",https://raw.githubusercontent.com/partnerpathai-TX/catalogo-productos-forza-workgear/main/productos/1.1.jpg,"https://raw.githubusercontent.com/partnerpathai-TX/catalogo-productos-forza-workgear/main/productos/1.2.jpg,https://raw.githubusercontent.com/partnerpathai-TX/catalogo-productos-forza-workgear/main/productos/1.3.jpg",Funda de cuero gamuza Zeluga de 10 bolsillos con porta-martillo,"🧰 Funda de cuero gamuza Zeluga — todo tu herramental a la mano

Fabricada en cuero gamuza grueso color café, con 10 bolsillos de distintos tamaños para clavos, tornillos, cinta métrica y herramienta de mano. Incluye dos ganchos metálicos reforzados para colgar martillo o pinzas.

✅ Cuero gamuza de uso rudo
✅ 10 bolsillos organizadores
✅ Doble porta-martillo metálico
✅ Costuras y remaches reforzados
✅ Ideal para carpinteros, albañiles y contratistas

Se adapta a cualquier cinturón de trabajo estándar. 💪",37.00 USD,https://partnerpathai-tx.github.io/catalogo-productos-forza-workgear/p/001.html,Forza WorkGear,in stock,new,,,
002,4,4.jpg,4.1.jpg,https://raw.githubusercontent.com/partnerpathai-TX/catalogo-productos-forza-workgear/main/productos/4.jpg,https://raw.githubusercontent.com/partnerpathai-TX/catalogo-productos-forza-workgear/main/productos/4.1.jpg,Malla de seguridad naranja Zeluga de uso rudo 12 mil 220 GSM,"🏗️ Malla de seguridad naranja Zeluga — protege tu obra y a tu gente

Tejido de uso rudo de 12 mil de grosor y 220 GSM que deja pasar el aire pero detiene el escombro. Tratada contra rayos UV para que no se cristalice al sol y con ojales de bronce anticorrosivo en todo el perímetro.

✅ 12 mil de grosor y 220 GSM
✅ Tratada contra rayos UV
✅ Resistente al agua
✅ Ojales de bronce anticorrosivo
✅ Costura perimetral reforzada

Perfecta para cubrir andamio, contener escombro y dar sombra en obra. 💪",130.00 USD,https://partnerpathai-tx.github.io/catalogo-productos-forza-workgear/p/002.html,Forza WorkGear,in stock,new,,,
003,5,5.jpg,,https://raw.githubusercontent.com/partnerpathai-TX/catalogo-productos-forza-workgear/main/productos/5.jpg,,Lona de polietileno naranja Zeluga 20 x 30 pies 12 mil 220 GSM,"🏗️ Lona de polietileno naranja Zeluga 20 x 30 pies — cubre y protege sin pretextos

Polietileno de 12 mil de grosor y 220 GSM, 100% impermeable y tratado contra rayos UV. Dobladillo reforzado y ojales de bronce anticorrosivo cada pocos pies para amarrar sin que se rasgue.

✅ Medida 20 x 30 pies
✅ 12 mil de grosor y 220 GSM
✅ 100% impermeable
✅ Tratada contra rayos UV
✅ Ojales de bronce anticorrosivo

Ideal para proteger material, equipo, techos y remolques. 💪",150.00 USD,,Forza WorkGear,in stock,new,,,
004,6,6.jpg,,https://raw.githubusercontent.com/partnerpathai-TX/catalogo-productos-forza-workgear/main/productos/6.jpg,,Lona de polietileno naranja Zeluga 20 x 20 pies 12 mil 220 GSM,"🏗️ Lona de polietileno naranja Zeluga 20 x 20 pies — la medida más práctica

Polietileno de 12 mil de grosor y 220 GSM, impermeable y tratado contra rayos UV. Dobladillo reforzado y ojales de bronce anticorrosivo para amarrar firme y aguantar viento.

✅ Medida 20 x 20 pies
✅ 12 mil de grosor y 220 GSM
✅ 100% impermeable
✅ Tratada contra rayos UV
✅ Ojales de bronce anticorrosivo

Perfecta para cubrir carga, material de obra y equipo. 💪",135.00 USD,,Forza WorkGear,in stock,new,,,
005,9,9.jpg,9.1.jpg,https://raw.githubusercontent.com/partnerpathai-TX/catalogo-productos-forza-workgear/main/productos/9.jpg,https://raw.githubusercontent.com/partnerpathai-TX/catalogo-productos-forza-workgear/main/productos/9.1.jpg,Lona de malla naranja Zeluga 20 x 30 pies 12 mil 220 GSM,"🏗️ Lona de malla naranja Zeluga 20 x 30 pies — sombra y seguridad en una sola pieza

Modelo 24-551-2030 en tejido de 12 mil y 220 GSM. La malla deja pasar el aire, así que no hace vela con el viento como una lona sólida, y aguanta sol y lluvia sin cristalizarse.

✅ Medida 20 x 30 pies
✅ 12 mil de grosor y 220 GSM
✅ Tratada contra rayos UV
✅ Resistente al agua
✅ Ojales de bronce anticorrosivo

Sirve como cubierta de obra, sombra de campamento y malla contra escombro. 💪",145.00 USD,,Forza WorkGear,in stock,new,,,
006,12,12.jpg,12.1.jpg,https://raw.githubusercontent.com/partnerpathai-TX/catalogo-productos-forza-workgear/main/productos/12.jpg,https://raw.githubusercontent.com/partnerpathai-TX/catalogo-productos-forza-workgear/main/productos/12.1.jpg,Funda de cuero café Zeluga con porta cinta métrica,"🧰 Funda de cuero café Zeluga — la herramienta que usas siempre, siempre a la mano

Cuero genuino color café oscuro con tapa protectora, varios bolsillos y divisiones para desarmadores, pinzas y navaja. Trae porta cinta métrica de acero y gancho giratorio para colgar herramienta pesada.

✅ Cuero genuino de uso rudo
✅ Tapa protectora
✅ Porta cinta métrica de acero
✅ Gancho giratorio reforzado
✅ Presilla para cualquier cinturón

Ideal para electricistas y técnicos de mantenimiento. 💪",50.00 USD,https://partnerpathai-tx.github.io/catalogo-productos-forza-workgear/p/006.html,Forza WorkGear,in stock,new,,,
007-vino,13,13.jpg,13.2.jpg,https://raw.githubusercontent.com/partnerpathai-TX/catalogo-productos-forza-workgear/main/productos/13.jpg,https://raw.githubusercontent.com/partnerpathai-TX/catalogo-productos-forza-workgear/main/productos/13.2.jpg,"Rodilleras de cuero Zeluga forradas en borrega, color vino","🦵 Rodilleras de cuero Zeluga en vino — trabaja hincado todo el día sin sufrir

Cuero genuino color vino por fuera y forro de borrega por dentro, con dos correas de cuero y hebilla de metal que se ajustan a tu pierna y no se aflojan al moverte. Copete de cuero reforzado con remaches para aguantar concreto, madera y teja.

✅ Cuero genuino de uso rudo
✅ Forro interior de borrega
✅ Dos correas ajustables con hebilla
✅ Copete reforzado con remaches
✅ No se resbalan al caminar hincado

Presentación en cuero vino. Para instaladores de piso, plomeros y techadores. 💪",45.00 USD,https://partnerpathai-tx.github.io/catalogo-productos-forza-workgear/p/007.html,Forza WorkGear,in stock,new,007,Vino,
007-negro,13,13.3.jpg,13.1.jpg,https://raw.githubusercontent.com/partnerpathai-TX/catalogo-productos-forza-workgear/main/productos/13.3.jpg,https://raw.githubusercontent.com/partnerpathai-TX/catalogo-productos-forza-workgear/main/productos/13.1.jpg,"Rodilleras de cuero Zeluga forradas en borrega, color negro","🦵 Rodilleras de cuero Zeluga en negro — trabaja hincado todo el día sin sufrir

Cuero genuino negro por fuera y forro de borrega por dentro, con dos correas de cuero y hebilla de metal que se ajustan a tu pierna y no se aflojan al moverte. Copete de cuero reforzado con remaches para aguantar concreto, madera y teja.

✅ Cuero genuino de uso rudo
✅ Forro interior de borrega
✅ Dos correas ajustables con hebilla
✅ Copete reforzado con remaches
✅ No se resbalan al caminar hincado

Presentación en cuero negro. Para instaladores de piso, plomeros y techadores. 💪",45.00 USD,https://partnerpathai-tx.github.io/catalogo-productos-forza-workgear/p/007.html,Forza WorkGear,in stock,new,007,Negro,
007-natural,13,13.4.jpg,,https://raw.githubusercontent.com/partnerpathai-TX/catalogo-productos-forza-workgear/main/productos/13.4.jpg,,"Rodilleras de cuero Zeluga forradas en borrega, color natural","🦵 Rodilleras de cuero Zeluga en natural — trabaja hincado todo el día sin sufrir

Cuero natural sin teñir por fuera y forro de borrega por dentro, con correas de cuero y hebilla de metal que se ajustan a tu pierna. Copete de cuero reforzado con remaches para aguantar concreto, madera y teja.

✅ Cuero natural de uso rudo
✅ Forro interior de borrega
✅ Correas ajustables con hebilla
✅ Copete reforzado con remaches
✅ No se resbalan al caminar hincado

Presentación en cuero natural, que se oscurece bonito con el uso. 💪",45.00 USD,https://partnerpathai-tx.github.io/catalogo-productos-forza-workgear/p/007.html,Forza WorkGear,in stock,new,007,Natural,
008-050,14,14.jpg,"14.1.jpg, 14.2.jpg, 14.3.jpg",https://raw.githubusercontent.com/partnerpathai-TX/catalogo-productos-forza-workgear/main/productos/14.jpg,"https://raw.githubusercontent.com/partnerpathai-TX/catalogo-productos-forza-workgear/main/productos/14.1.jpg,https://raw.githubusercontent.com/partnerpathai-TX/catalogo-productos-forza-workgear/main/productos/14.2.jpg,https://raw.githubusercontent.com/partnerpathai-TX/catalogo-productos-forza-workgear/main/productos/14.3.jpg","Bota de trabajo Rhino 90M07 de cuero curtido al aceite, café, talla 5","🥾 Bota de trabajo Rhino 90M07 — te la pones y a trabajar

Bota sin agujetas de corte alto en cuero curtido al aceite, con suela cosida tipo Goodyear, la que permite resolear la bota en vez de tirarla. Plantilla acolchada y suela resistente al aceite.

✅ Cuero curtido al aceite
✅ Suela cosida tipo Goodyear
✅ Suela resistente al aceite
✅ Plantilla acolchada
✅ Se calza y se quita en segundos

Color café. Tallas de la 5 a la 11, incluyendo medias tallas. Para obra, rancho y trabajo pesado diario. 💪",110.00 USD,https://partnerpathai-tx.github.io/catalogo-productos-forza-workgear/p/008.html,Forza WorkGear,in stock,new,008,Café,5
008-055,14,14.jpg,"14.1.jpg, 14.2.jpg, 14.3.jpg",https://raw.githubusercontent.com/partnerpathai-TX/catalogo-productos-forza-workgear/main/productos/14.jpg,"https://raw.githubusercontent.com/partnerpathai-TX/catalogo-productos-forza-workgear/main/productos/14.1.jpg,https://raw.githubusercontent.com/partnerpathai-TX/catalogo-productos-forza-workgear/main/productos/14.2.jpg,https://raw.githubusercontent.com/partnerpathai-TX/catalogo-productos-forza-workgear/main/productos/14.3.jpg","Bota de trabajo Rhino 90M07 de cuero curtido al aceite, café, talla 5.5","🥾 Bota de trabajo Rhino 90M07 — te la pones y a trabajar

Bota sin agujetas de corte alto en cuero curtido al aceite, con suela cosida tipo Goodyear, la que permite resolear la bota en vez de tirarla. Plantilla acolchada y suela resistente al aceite.

✅ Cuero curtido al aceite
✅ Suela cosida tipo Goodyear
✅ Suela resistente al aceite
✅ Plantilla acolchada
✅ Se calza y se quita en segundos

Color café. Tallas de la 5 a la 11, incluyendo medias tallas. Para obra, rancho y trabajo pesado diario. 💪",110.00 USD,https://partnerpathai-tx.github.io/catalogo-productos-forza-workgear/p/008.html,Forza WorkGear,in stock,new,008,Café,5.5
008-060,14,14.jpg,"14.1.jpg, 14.2.jpg, 14.3.jpg",https://raw.githubusercontent.com/partnerpathai-TX/catalogo-productos-forza-workgear/main/productos/14.jpg,"https://raw.githubusercontent.com/partnerpathai-TX/catalogo-productos-forza-workgear/main/productos/14.1.jpg,https://raw.githubusercontent.com/partnerpathai-TX/catalogo-productos-forza-workgear/main/productos/14.2.jpg,https://raw.githubusercontent.com/partnerpathai-TX/catalogo-productos-forza-workgear/main/productos/14.3.jpg","Bota de trabajo Rhino 90M07 de cuero curtido al aceite, café, talla 6","🥾 Bota de trabajo Rhino 90M07 — te la pones y a trabajar

Bota sin agujetas de corte alto en cuero curtido al aceite, con suela cosida tipo Goodyear, la que permite resolear la bota en vez de tirarla. Plantilla acolchada y suela resistente al aceite.

✅ Cuero curtido al aceite
✅ Suela cosida tipo Goodyear
✅ Suela resistente al aceite
✅ Plantilla acolchada
✅ Se calza y se quita en segundos

Color café. Tallas de la 5 a la 11, incluyendo medias tallas. Para obra, rancho y trabajo pesado diario. 💪",110.00 USD,https://partnerpathai-tx.github.io/catalogo-productos-forza-workgear/p/008.html,Forza WorkGear,in stock,new,008,Café,6
008-065,14,14.jpg,"14.1.jpg, 14.2.jpg, 14.3.jpg",https://raw.githubusercontent.com/partnerpathai-TX/catalogo-productos-forza-workgear/main/productos/14.jpg,"https://raw.githubusercontent.com/partnerpathai-TX/catalogo-productos-forza-workgear/main/productos/14.1.jpg,https://raw.githubusercontent.com/partnerpathai-TX/catalogo-productos-forza-workgear/main/productos/14.2.jpg,https://raw.githubusercontent.com/partnerpathai-TX/catalogo-productos-forza-workgear/main/productos/14.3.jpg","Bota de trabajo Rhino 90M07 de cuero curtido al aceite, café, talla 6.5","🥾 Bota de trabajo Rhino 90M07 — te la pones y a trabajar

Bota sin agujetas de corte alto en cuero curtido al aceite, con suela cosida tipo Goodyear, la que permite resolear la bota en vez de tirarla. Plantilla acolchada y suela resistente al aceite.

✅ Cuero curtido al aceite
✅ Suela cosida tipo Goodyear
✅ Suela resistente al aceite
✅ Plantilla acolchada
✅ Se calza y se quita en segundos

Color café. Tallas de la 5 a la 11, incluyendo medias tallas. Para obra, rancho y trabajo pesado diario. 💪",110.00 USD,https://partnerpathai-tx.github.io/catalogo-productos-forza-workgear/p/008.html,Forza WorkGear,in stock,new,008,Café,6.5
008-070,14,14.jpg,"14.1.jpg, 14.2.jpg, 14.3.jpg",https://raw.githubusercontent.com/partnerpathai-TX/catalogo-productos-forza-workgear/main/productos/14.jpg,"https://raw.githubusercontent.com/partnerpathai-TX/catalogo-productos-forza-workgear/main/productos/14.1.jpg,https://raw.githubusercontent.com/partnerpathai-TX/catalogo-productos-forza-workgear/main/productos/14.2.jpg,https://raw.githubusercontent.com/partnerpathai-TX/catalogo-productos-forza-workgear/main/productos/14.3.jpg","Bota de trabajo Rhino 90M07 de cuero curtido al aceite, café, talla 7","🥾 Bota de trabajo Rhino 90M07 — te la pones y a trabajar

Bota sin agujetas de corte alto en cuero curtido al aceite, con suela cosida tipo Goodyear, la que permite resolear la bota en vez de tirarla. Plantilla acolchada y suela resistente al aceite.

✅ Cuero curtido al aceite
✅ Suela cosida tipo Goodyear
✅ Suela resistente al aceite
✅ Plantilla acolchada
✅ Se calza y se quita en segundos

Color café. Tallas de la 5 a la 11, incluyendo medias tallas. Para obra, rancho y trabajo pesado diario. 💪",110.00 USD,https://partnerpathai-tx.github.io/catalogo-productos-forza-workgear/p/008.html,Forza WorkGear,in stock,new,008,Café,7
008-075,14,14.jpg,"14.1.jpg, 14.2.jpg, 14.3.jpg",https://raw.githubusercontent.com/partnerpathai-TX/catalogo-productos-forza-workgear/main/productos/14.jpg,"https://raw.githubusercontent.com/partnerpathai-TX/catalogo-productos-forza-workgear/main/productos/14.1.jpg,https://raw.githubusercontent.com/partnerpathai-TX/catalogo-productos-forza-workgear/main/productos/14.2.jpg,https://raw.githubusercontent.com/partnerpathai-TX/catalogo-productos-forza-workgear/main/productos/14.3.jpg","Bota de trabajo Rhino 90M07 de cuero curtido al aceite, café, talla 7.5","🥾 Bota de trabajo Rhino 90M07 — te la pones y a trabajar

Bota sin agujetas de corte alto en cuero curtido al aceite, con suela cosida tipo Goodyear, la que permite resolear la bota en vez de tirarla. Plantilla acolchada y suela resistente al aceite.

✅ Cuero curtido al aceite
✅ Suela cosida tipo Goodyear
✅ Suela resistente al aceite
✅ Plantilla acolchada
✅ Se calza y se quita en segundos

Color café. Tallas de la 5 a la 11, incluyendo medias tallas. Para obra, rancho y trabajo pesado diario. 💪",110.00 USD,https://partnerpathai-tx.github.io/catalogo-productos-forza-workgear/p/008.html,Forza WorkGear,in stock,new,008,Café,7.5
008-080,14,14.jpg,"14.1.jpg, 14.2.jpg, 14.3.jpg",https://raw.githubusercontent.com/partnerpathai-TX/catalogo-productos-forza-workgear/main/productos/14.jpg,"https://raw.githubusercontent.com/partnerpathai-TX/catalogo-productos-forza-workgear/main/productos/14.1.jpg,https://raw.githubusercontent.com/partnerpathai-TX/catalogo-productos-forza-workgear/main/productos/14.2.jpg,https://raw.githubusercontent.com/partnerpathai-TX/catalogo-productos-forza-workgear/main/productos/14.3.jpg","Bota de trabajo Rhino 90M07 de cuero curtido al aceite, café, talla 8","🥾 Bota de trabajo Rhino 90M07 — te la pones y a trabajar

Bota sin agujetas de corte alto en cuero curtido al aceite, con suela cosida tipo Goodyear, la que permite resolear la bota en vez de tirarla. Plantilla acolchada y suela resistente al aceite.

✅ Cuero curtido al aceite
✅ Suela cosida tipo Goodyear
✅ Suela resistente al aceite
✅ Plantilla acolchada
✅ Se calza y se quita en segundos

Color café. Tallas de la 5 a la 11, incluyendo medias tallas. Para obra, rancho y trabajo pesado diario. 💪",110.00 USD,https://partnerpathai-tx.github.io/catalogo-productos-forza-workgear/p/008.html,Forza WorkGear,in stock,new,008,Café,8
008-085,14,14.jpg,"14.1.jpg, 14.2.jpg, 14.3.jpg",https://raw.githubusercontent.com/partnerpathai-TX/catalogo-productos-forza-workgear/main/productos/14.jpg,"https://raw.githubusercontent.com/partnerpathai-TX/catalogo-productos-forza-workgear/main/productos/14.1.jpg,https://raw.githubusercontent.com/partnerpathai-TX/catalogo-productos-forza-workgear/main/productos/14.2.jpg,https://raw.githubusercontent.com/partnerpathai-TX/catalogo-productos-forza-workgear/main/productos/14.3.jpg","Bota de trabajo Rhino 90M07 de cuero curtido al aceite, café, talla 8.5","🥾 Bota de trabajo Rhino 90M07 — te la pones y a trabajar

Bota sin agujetas de corte alto en cuero curtido al aceite, con suela cosida tipo Goodyear, la que permite resolear la bota en vez de tirarla. Plantilla acolchada y suela resistente al aceite.

✅ Cuero curtido al aceite
✅ Suela cosida tipo Goodyear
✅ Suela resistente al aceite
✅ Plantilla acolchada
✅ Se calza y se quita en segundos

Color café. Tallas de la 5 a la 11, incluyendo medias tallas. Para obra, rancho y trabajo pesado diario. 💪",110.00 USD,https://partnerpathai-tx.github.io/catalogo-productos-forza-workgear/p/008.html,Forza WorkGear,in stock,new,008,Café,8.5
008-090,14,14.jpg,"14.1.jpg, 14.2.jpg, 14.3.jpg",https://raw.githubusercontent.com/partnerpathai-TX/catalogo-productos-forza-workgear/main/productos/14.jpg,"https://raw.githubusercontent.com/partnerpathai-TX/catalogo-productos-forza-workgear/main/productos/14.1.jpg,https://raw.githubusercontent.com/partnerpathai-TX/catalogo-productos-forza-workgear/main/productos/14.2.jpg,https://raw.githubusercontent.com/partnerpathai-TX/catalogo-productos-forza-workgear/main/productos/14.3.jpg","Bota de trabajo Rhino 90M07 de cuero curtido al aceite, café, talla 9","🥾 Bota de trabajo Rhino 90M07 — te la pones y a trabajar

Bota sin agujetas de corte alto en cuero curtido al aceite, con suela cosida tipo Goodyear, la que permite resolear la bota en vez de tirarla. Plantilla acolchada y suela resistente al aceite.

✅ Cuero curtido al aceite
✅ Suela cosida tipo Goodyear
✅ Suela resistente al aceite
✅ Plantilla acolchada
✅ Se calza y se quita en segundos

Color café. Tallas de la 5 a la 11, incluyendo medias tallas. Para obra, rancho y trabajo pesado diario. 💪",110.00 USD,https://partnerpathai-tx.github.io/catalogo-productos-forza-workgear/p/008.html,Forza WorkGear,in stock,new,008,Café,9
008-095,14,14.jpg,"14.1.jpg, 14.2.jpg, 14.3.jpg",https://raw.githubusercontent.com/partnerpathai-TX/catalogo-productos-forza-workgear/main/productos/14.jpg,"https://raw.githubusercontent.com/partnerpathai-TX/catalogo-productos-forza-workgear/main/productos/14.1.jpg,https://raw.githubusercontent.com/partnerpathai-TX/catalogo-productos-forza-workgear/main/productos/14.2.jpg,https://raw.githubusercontent.com/partnerpathai-TX/catalogo-productos-forza-workgear/main/productos/14.3.jpg","Bota de trabajo Rhino 90M07 de cuero curtido al aceite, café, talla 9.5","🥾 Bota de trabajo Rhino 90M07 — te la pones y a trabajar

Bota sin agujetas de corte alto en cuero curtido al aceite, con suela cosida tipo Goodyear, la que permite resolear la bota en vez de tirarla. Plantilla acolchada y suela resistente al aceite.

✅ Cuero curtido al aceite
✅ Suela cosida tipo Goodyear
✅ Suela resistente al aceite
✅ Plantilla acolchada
✅ Se calza y se quita en segundos

Color café. Tallas de la 5 a la 11, incluyendo medias tallas. Para obra, rancho y trabajo pesado diario. 💪",110.00 USD,https://partnerpathai-tx.github.io/catalogo-productos-forza-workgear/p/008.html,Forza WorkGear,in stock,new,008,Café,9.5
008-100,14,14.jpg,"14.1.jpg, 14.2.jpg, 14.3.jpg",https://raw.githubusercontent.com/partnerpathai-TX/catalogo-productos-forza-workgear/main/productos/14.jpg,"https://raw.githubusercontent.com/partnerpathai-TX/catalogo-productos-forza-workgear/main/productos/14.1.jpg,https://raw.githubusercontent.com/partnerpathai-TX/catalogo-productos-forza-workgear/main/productos/14.2.jpg,https://raw.githubusercontent.com/partnerpathai-TX/catalogo-productos-forza-workgear/main/productos/14.3.jpg","Bota de trabajo Rhino 90M07 de cuero curtido al aceite, café, talla 10","🥾 Bota de trabajo Rhino 90M07 — te la pones y a trabajar

Bota sin agujetas de corte alto en cuero curtido al aceite, con suela cosida tipo Goodyear, la que permite resolear la bota en vez de tirarla. Plantilla acolchada y suela resistente al aceite.

✅ Cuero curtido al aceite
✅ Suela cosida tipo Goodyear
✅ Suela resistente al aceite
✅ Plantilla acolchada
✅ Se calza y se quita en segundos

Color café. Tallas de la 5 a la 11, incluyendo medias tallas. Para obra, rancho y trabajo pesado diario. 💪",110.00 USD,https://partnerpathai-tx.github.io/catalogo-productos-forza-workgear/p/008.html,Forza WorkGear,in stock,new,008,Café,10
008-105,14,14.jpg,"14.1.jpg, 14.2.jpg, 14.3.jpg",https://raw.githubusercontent.com/partnerpathai-TX/catalogo-productos-forza-workgear/main/productos/14.jpg,"https://raw.githubusercontent.com/partnerpathai-TX/catalogo-productos-forza-workgear/main/productos/14.1.jpg,https://raw.githubusercontent.com/partnerpathai-TX/catalogo-productos-forza-workgear/main/productos/14.2.jpg,https://raw.githubusercontent.com/partnerpathai-TX/catalogo-productos-forza-workgear/main/productos/14.3.jpg","Bota de trabajo Rhino 90M07 de cuero curtido al aceite, café, talla 10.5","🥾 Bota de trabajo Rhino 90M07 — te la pones y a trabajar

Bota sin agujetas de corte alto en cuero curtido al aceite, con suela cosida tipo Goodyear, la que permite resolear la bota en vez de tirarla. Plantilla acolchada y suela resistente al aceite.

✅ Cuero curtido al aceite
✅ Suela cosida tipo Goodyear
✅ Suela resistente al aceite
✅ Plantilla acolchada
✅ Se calza y se quita en segundos

Color café. Tallas de la 5 a la 11, incluyendo medias tallas. Para obra, rancho y trabajo pesado diario. 💪",110.00 USD,https://partnerpathai-tx.github.io/catalogo-productos-forza-workgear/p/008.html,Forza WorkGear,in stock,new,008,Café,10.5
008-110,14,14.jpg,"14.1.jpg, 14.2.jpg, 14.3.jpg",https://raw.githubusercontent.com/partnerpathai-TX/catalogo-productos-forza-workgear/main/productos/14.jpg,"https://raw.githubusercontent.com/partnerpathai-TX/catalogo-productos-forza-workgear/main/productos/14.1.jpg,https://raw.githubusercontent.com/partnerpathai-TX/catalogo-productos-forza-workgear/main/productos/14.2.jpg,https://raw.githubusercontent.com/partnerpathai-TX/catalogo-productos-forza-workgear/main/productos/14.3.jpg","Bota de trabajo Rhino 90M07 de cuero curtido al aceite, café, talla 11","🥾 Bota de trabajo Rhino 90M07 — te la pones y a trabajar

Bota sin agujetas de corte alto en cuero curtido al aceite, con suela cosida tipo Goodyear, la que permite resolear la bota en vez de tirarla. Plantilla acolchada y suela resistente al aceite.

✅ Cuero curtido al aceite
✅ Suela cosida tipo Goodyear
✅ Suela resistente al aceite
✅ Plantilla acolchada
✅ Se calza y se quita en segundos

Color café. Tallas de la 5 a la 11, incluyendo medias tallas. Para obra, rancho y trabajo pesado diario. 💪",110.00 USD,https://partnerpathai-tx.github.io/catalogo-productos-forza-workgear/p/008.html,Forza WorkGear,in stock,new,008,Café,11
009,15,15.jpg,15.1.jpg,https://raw.githubusercontent.com/partnerpathai-TX/catalogo-productos-forza-workgear/main/productos/15.jpg,https://raw.githubusercontent.com/partnerpathai-TX/catalogo-productos-forza-workgear/main/productos/15.1.jpg,Barredor magnético de mano Zeluga recoge clavos,"🧲 Barredor magnético de mano — levanta el clavo antes de que levante tu llanta

Barra magnética con mango largo y empuñadura cómoda que jala clavos, tornillos, grapas y rebaba metálica del piso sin que tengas que agacharte. Estructura de acero pintada en naranja de alta visibilidad.

✅ Imán de alta potencia
✅ Mango largo, cero agacharse
✅ Estructura de acero
✅ Acabado naranja de alta visibilidad
✅ Libera el metal con solo levantarlo

Limpia obras, talleres y estacionamientos en minutos. 💪",55.00 USD,https://partnerpathai-tx.github.io/catalogo-productos-forza-workgear/p/009.html,Forza WorkGear,in stock,new,,,
010,19,19.1.jpg,"19.2.jpg, 19.3.jpg, 19.4.jpg",https://raw.githubusercontent.com/partnerpathai-TX/catalogo-productos-forza-workgear/main/productos/19.1.jpg,"https://raw.githubusercontent.com/partnerpathai-TX/catalogo-productos-forza-workgear/main/productos/19.2.jpg,https://raw.githubusercontent.com/partnerpathai-TX/catalogo-productos-forza-workgear/main/productos/19.3.jpg,https://raw.githubusercontent.com/partnerpathai-TX/catalogo-productos-forza-workgear/main/productos/19.4.jpg",Cinturón portaherramientas camuflaje Zeluga con tirantes,"🧰 Cinturón portaherramientas camuflaje Zeluga — el set completo, listo para la obra

Cinturón acolchado con ojales metálicos, dos bolsas multibolsillo, porta celular y porta martillo, más tirantes acolchados desmontables con clips metálicos que pasan el peso de la cintura a los hombros.

✅ Tela camuflaje resistente
✅ Tirantes acolchados desmontables
✅ Dos bolsas multibolsillo
✅ Porta celular y porta martillo
✅ Cinturón acolchado ajustable

Menos dolor de espalda al final del día. 💪",135.00 USD,https://partnerpathai-tx.github.io/catalogo-productos-forza-workgear/p/010.html,Forza WorkGear,in stock,new,,,
011,21,21.jpg,21.1.jpg,https://raw.githubusercontent.com/partnerpathai-TX/catalogo-productos-forza-workgear/main/productos/21.jpg,https://raw.githubusercontent.com/partnerpathai-TX/catalogo-productos-forza-workgear/main/productos/21.1.jpg,Marro Zeluga de 16 libras con mango de madera de 36 pulgadas,"🔨 Marro Zeluga de 16 libras — para lo que no cede con nada más

Cabeza forjada de 16 libras montada en mango de madera de 36 pulgadas con cuña de sujeción reforzada, para que la cabeza no se afloje golpe tras golpe. Cara tratada para resistir el impacto sin astillarse.

✅ Cabeza forjada de 16 libras
✅ Mango de madera de 36 pulgadas
✅ Cuña de sujeción reforzada
✅ Cara tratada contra astillado
✅ Balance para golpe largo

Para demolición, estacas, concreto y trabajo pesado. 💪",65.00 USD,,Forza WorkGear,in stock,new,,,
012,25,25.jpg,25.1.jpg,https://raw.githubusercontent.com/partnerpathai-TX/catalogo-productos-forza-workgear/main/productos/25.jpg,https://raw.githubusercontent.com/partnerpathai-TX/catalogo-productos-forza-workgear/main/productos/25.1.jpg,"Rodilleras de trabajo Zeluga de concha dura, naranja","🦵 Rodilleras de concha dura Zeluga — protección real, no un cojín

Concha exterior rígida y antiderrapante que reparte el peso y no se entierra en el piso, con acolchado interior de alta densidad y correas elásticas ajustables con broche rápido.

✅ Concha exterior rígida
✅ Superficie antiderrapante
✅ Acolchado de alta densidad
✅ Correas elásticas con broche rápido
✅ Se ponen y quitan en segundos

Para instalar piso, teja, plomería o tablaroca. 💪",35.00 USD,,Forza WorkGear,in stock,new,,,
013-azul,28,28.jpg,,https://raw.githubusercontent.com/partnerpathai-TX/catalogo-productos-forza-workgear/main/productos/28.jpg,,"Tirantes acolchados Zeluga para cinturón de herramientas, azul","💪 Tirantes acolchados Zeluga en azul — quítale el peso a tu cintura

Hombreras anchas acolchadas con malla transpirable y correas totalmente ajustables. Los ganchos metálicos se conectan a prácticamente cualquier cinturón portaherramientas que ya tengas.

✅ Hombreras acolchadas y transpirables
✅ Correas ajustables a tu medida
✅ Ganchos metálicos reforzados
✅ Compatibles con cinturones estándar
✅ Se ajustan a cualquier estatura

Color azul. Si cargas herramienta todo el día, esto es lo primero que deberías comprar. 💪",40.00 USD,https://partnerpathai-tx.github.io/catalogo-productos-forza-workgear/p/013.html,Forza WorkGear,in stock,new,013,Azul,
013-rojo,28,28.1.jpg,,https://raw.githubusercontent.com/partnerpathai-TX/catalogo-productos-forza-workgear/main/productos/28.1.jpg,,"Tirantes acolchados Zeluga para cinturón de herramientas, rojo","💪 Tirantes acolchados Zeluga en rojo — quítale el peso a tu cintura

Hombreras anchas acolchadas con malla transpirable y correas totalmente ajustables. Los ganchos metálicos se conectan a prácticamente cualquier cinturón portaherramientas que ya tengas.

✅ Hombreras acolchadas y transpirables
✅ Correas ajustables a tu medida
✅ Ganchos metálicos reforzados
✅ Compatibles con cinturones estándar
✅ Se ajustan a cualquier estatura

Color rojo. Si cargas herramienta todo el día, esto es lo primero que deberías comprar. 💪",40.00 USD,https://partnerpathai-tx.github.io/catalogo-productos-forza-workgear/p/013.html,Forza WorkGear,in stock,new,013,Rojo,
013-naranja,28,28.2.jpg,,https://raw.githubusercontent.com/partnerpathai-TX/catalogo-productos-forza-workgear/main/productos/28.2.jpg,,"Tirantes acolchados Zeluga para cinturón de herramientas, naranja","💪 Tirantes acolchados Zeluga en naranja — quítale el peso a tu cintura

Hombreras anchas acolchadas con malla transpirable y correas totalmente ajustables. Los ganchos metálicos se conectan a prácticamente cualquier cinturón portaherramientas que ya tengas.

✅ Hombreras acolchadas y transpirables
✅ Correas ajustables a tu medida
✅ Ganchos metálicos reforzados
✅ Compatibles con cinturones estándar
✅ Naranja de alta visibilidad

Color naranja. Si cargas herramienta todo el día, esto es lo primero que deberías comprar. 💪",40.00 USD,https://partnerpathai-tx.github.io/catalogo-productos-forza-workgear/p/013.html,Forza WorkGear,in stock,new,013,Naranja,
013-negro,28,28.3.jpg,,https://raw.githubusercontent.com/partnerpathai-TX/catalogo-productos-forza-workgear/main/productos/28.3.jpg,,"Tirantes acolchados Zeluga para cinturón de herramientas, negro","💪 Tirantes acolchados Zeluga en negro — quítale el peso a tu cintura

Hombreras anchas acolchadas con malla transpirable y correas totalmente ajustables. Los ganchos metálicos se conectan a prácticamente cualquier cinturón portaherramientas que ya tengas.

✅ Hombreras acolchadas y transpirables
✅ Correas ajustables a tu medida
✅ Hebillas metálicas de ajuste rápido
✅ Compatibles con cinturones estándar
✅ Se ajustan a cualquier estatura

Color negro. Si cargas herramienta todo el día, esto es lo primero que deberías comprar. 💪",40.00 USD,https://partnerpathai-tx.github.io/catalogo-productos-forza-workgear/p/013.html,Forza WorkGear,in stock,new,013,Negro,
014,30,30.jpg,"30.1.jpg, 30.2.jpg, 30.3.jpg",https://raw.githubusercontent.com/partnerpathai-TX/catalogo-productos-forza-workgear/main/productos/30.jpg,"https://raw.githubusercontent.com/partnerpathai-TX/catalogo-productos-forza-workgear/main/productos/30.1.jpg,https://raw.githubusercontent.com/partnerpathai-TX/catalogo-productos-forza-workgear/main/productos/30.2.jpg,https://raw.githubusercontent.com/partnerpathai-TX/catalogo-productos-forza-workgear/main/productos/30.3.jpg",Set de cinturón portaherramientas de cuero coñac Zeluga,"🧰 Set de cinturón portaherramientas de cuero coñac Zeluga — se ve bien y aguanta mejor

Dos bolsas de cuero con tapa protectora, porta martillo, porta cinta métrica de acero y cinturón de cuero ajustable con hebilla reforzada. Interior en gamuza y remaches en cada esquina de tensión.

✅ Cuero genuino color coñac
✅ Dos bolsas con tapa protectora
✅ Porta martillo y porta cinta
✅ Cinturón ajustable con hebilla de acero
✅ Remaches en puntos de tensión

Para carpinteros, albañiles e instaladores. 💪",120.00 USD,,Forza WorkGear,in stock,new,,,
015,32,32.jpg,,https://raw.githubusercontent.com/partnerpathai-TX/catalogo-productos-forza-workgear/main/productos/32.jpg,,"Manguera de aire Zeluga Z-Lite 1/4 x 100 pies, naranja","💨 Manguera de aire Z-Lite 1/4 x 100 pies — la mitad del peso, el doble de comodidad

Poliuretano modelo 21-342 con trenzado interno reforzado y chaqueta exterior. Pesa muchísimo menos que una manguera de hule, así que la arrastras por toda la obra sin cansarte. Conexiones incluidas.

✅ 1/4 de pulgada por 100 pies
✅ Poliuretano ultraligero
✅ Trenzado interno reforzado
✅ Conexiones reusables y reparables en obra
✅ Estabilizada contra rayos UV

Color naranja de alta visibilidad, para que nadie se tropiece. 💪",45.00 USD,https://partnerpathai-tx.github.io/catalogo-productos-forza-workgear/p/015.html,Forza WorkGear,in stock,new,,,
016,35,35.jpg,,https://raw.githubusercontent.com/partnerpathai-TX/catalogo-productos-forza-workgear/main/productos/35.jpg,,"Manguera de aire Zeluga Z-Lite 1/4 x 100 pies, azul","💨 Manguera de aire Z-Lite 1/4 x 100 pies — ligera, flexible y lista para trabajar

Poliuretano modelo 21-314 (PU14100B) con chaqueta exterior resistente. Se enrolla fácil, no se acordona con el frío y sus conexiones se pueden reusar para reparar la manguera en plena obra.

✅ 1/4 de pulgada por 100 pies
✅ Poliuretano ultraligero
✅ Conexiones reusables
✅ Reparable en obra
✅ Estabilizada contra rayos UV

Color azul. Para clavadoras, pistolas de aire y compresores. 💪",45.00 USD,,Forza WorkGear,in stock,new,,,
017,36,36.jpg,"36.1.jpg, 36.2.jpg, 36.3.jpg",https://raw.githubusercontent.com/partnerpathai-TX/catalogo-productos-forza-workgear/main/productos/36.jpg,"https://raw.githubusercontent.com/partnerpathai-TX/catalogo-productos-forza-workgear/main/productos/36.1.jpg,https://raw.githubusercontent.com/partnerpathai-TX/catalogo-productos-forza-workgear/main/productos/36.2.jpg,https://raw.githubusercontent.com/partnerpathai-TX/catalogo-productos-forza-workgear/main/productos/36.3.jpg",Set de cinturón portaherramientas Zeluga en lona verde y cuero,"🧰 Set de cinturón portaherramientas Zeluga 89-222 — lona resistente con refuerzo de cuero

Dos bolsas en lona de alta resistencia color verde, ribeteadas y reforzadas con cuero en las esquinas y la boca, más porta martillo, porta cinta métrica y cinturón de cuero 100% genuino con doble hebilla.

✅ Lona de alta resistencia
✅ Refuerzos y ribete de cuero
✅ Cinturón de cuero 100% genuino
✅ Doble hebilla ajustable
✅ Costura doble en puntos de tensión

Ligero como lona, duradero como cuero. 💪",189.00 USD,https://partnerpathai-tx.github.io/catalogo-productos-forza-workgear/p/017.html,Forza WorkGear,in stock,new,,,
018-050,37,37.jpg,"37.1.jpg, 37.2.jpg",https://raw.githubusercontent.com/partnerpathai-TX/catalogo-productos-forza-workgear/main/productos/37.jpg,"https://raw.githubusercontent.com/partnerpathai-TX/catalogo-productos-forza-workgear/main/productos/37.1.jpg,https://raw.githubusercontent.com/partnerpathai-TX/catalogo-productos-forza-workgear/main/productos/37.2.jpg","Bota de trabajo Rhino de agujetas con punta de mocasín, café, talla 5","🥾 Bota de trabajo Rhino punta de mocasín — clásica, cómoda y para toda la temporada

Corte alto con agujetas y ojales de latón, cuero curtido al aceite y suela cosida tipo Goodyear. Suela de cuña resistente al aceite que no marca el piso y amortigua al caminar sobre concreto.

✅ Cuero curtido al aceite
✅ Punta de mocasín reforzada
✅ Suela cosida tipo Goodyear
✅ Suela de cuña resistente al aceite
✅ Ojales de latón

Color café. Tallas de la 5 a la 11, incluyendo medias tallas. Para carpintería, techos y obra en general. 💪",95.00 USD,https://partnerpathai-tx.github.io/catalogo-productos-forza-workgear/p/018.html,Forza WorkGear,in stock,new,018,Café,5
018-055,37,37.jpg,"37.1.jpg, 37.2.jpg",https://raw.githubusercontent.com/partnerpathai-TX/catalogo-productos-forza-workgear/main/productos/37.jpg,"https://raw.githubusercontent.com/partnerpathai-TX/catalogo-productos-forza-workgear/main/productos/37.1.jpg,https://raw.githubusercontent.com/partnerpathai-TX/catalogo-productos-forza-workgear/main/productos/37.2.jpg","Bota de trabajo Rhino de agujetas con punta de mocasín, café, talla 5.5","🥾 Bota de trabajo Rhino punta de mocasín — clásica, cómoda y para toda la temporada

Corte alto con agujetas y ojales de latón, cuero curtido al aceite y suela cosida tipo Goodyear. Suela de cuña resistente al aceite que no marca el piso y amortigua al caminar sobre concreto.

✅ Cuero curtido al aceite
✅ Punta de mocasín reforzada
✅ Suela cosida tipo Goodyear
✅ Suela de cuña resistente al aceite
✅ Ojales de latón

Color café. Tallas de la 5 a la 11, incluyendo medias tallas. Para carpintería, techos y obra en general. 💪",95.00 USD,https://partnerpathai-tx.github.io/catalogo-productos-forza-workgear/p/018.html,Forza WorkGear,in stock,new,018,Café,5.5
018-060,37,37.jpg,"37.1.jpg, 37.2.jpg",https://raw.githubusercontent.com/partnerpathai-TX/catalogo-productos-forza-workgear/main/productos/37.jpg,"https://raw.githubusercontent.com/partnerpathai-TX/catalogo-productos-forza-workgear/main/productos/37.1.jpg,https://raw.githubusercontent.com/partnerpathai-TX/catalogo-productos-forza-workgear/main/productos/37.2.jpg","Bota de trabajo Rhino de agujetas con punta de mocasín, café, talla 6","🥾 Bota de trabajo Rhino punta de mocasín — clásica, cómoda y para toda la temporada

Corte alto con agujetas y ojales de latón, cuero curtido al aceite y suela cosida tipo Goodyear. Suela de cuña resistente al aceite que no marca el piso y amortigua al caminar sobre concreto.

✅ Cuero curtido al aceite
✅ Punta de mocasín reforzada
✅ Suela cosida tipo Goodyear
✅ Suela de cuña resistente al aceite
✅ Ojales de latón

Color café. Tallas de la 5 a la 11, incluyendo medias tallas. Para carpintería, techos y obra en general. 💪",95.00 USD,https://partnerpathai-tx.github.io/catalogo-productos-forza-workgear/p/018.html,Forza WorkGear,in stock,new,018,Café,6
018-065,37,37.jpg,"37.1.jpg, 37.2.jpg",https://raw.githubusercontent.com/partnerpathai-TX/catalogo-productos-forza-workgear/main/productos/37.jpg,"https://raw.githubusercontent.com/partnerpathai-TX/catalogo-productos-forza-workgear/main/productos/37.1.jpg,https://raw.githubusercontent.com/partnerpathai-TX/catalogo-productos-forza-workgear/main/productos/37.2.jpg","Bota de trabajo Rhino de agujetas con punta de mocasín, café, talla 6.5","🥾 Bota de trabajo Rhino punta de mocasín — clásica, cómoda y para toda la temporada

Corte alto con agujetas y ojales de latón, cuero curtido al aceite y suela cosida tipo Goodyear. Suela de cuña resistente al aceite que no marca el piso y amortigua al caminar sobre concreto.

✅ Cuero curtido al aceite
✅ Punta de mocasín reforzada
✅ Suela cosida tipo Goodyear
✅ Suela de cuña resistente al aceite
✅ Ojales de latón

Color café. Tallas de la 5 a la 11, incluyendo medias tallas. Para carpintería, techos y obra en general. 💪",95.00 USD,https://partnerpathai-tx.github.io/catalogo-productos-forza-workgear/p/018.html,Forza WorkGear,in stock,new,018,Café,6.5
018-070,37,37.jpg,"37.1.jpg, 37.2.jpg",https://raw.githubusercontent.com/partnerpathai-TX/catalogo-productos-forza-workgear/main/productos/37.jpg,"https://raw.githubusercontent.com/partnerpathai-TX/catalogo-productos-forza-workgear/main/productos/37.1.jpg,https://raw.githubusercontent.com/partnerpathai-TX/catalogo-productos-forza-workgear/main/productos/37.2.jpg","Bota de trabajo Rhino de agujetas con punta de mocasín, café, talla 7","🥾 Bota de trabajo Rhino punta de mocasín — clásica, cómoda y para toda la temporada

Corte alto con agujetas y ojales de latón, cuero curtido al aceite y suela cosida tipo Goodyear. Suela de cuña resistente al aceite que no marca el piso y amortigua al caminar sobre concreto.

✅ Cuero curtido al aceite
✅ Punta de mocasín reforzada
✅ Suela cosida tipo Goodyear
✅ Suela de cuña resistente al aceite
✅ Ojales de latón

Color café. Tallas de la 5 a la 11, incluyendo medias tallas. Para carpintería, techos y obra en general. 💪",95.00 USD,https://partnerpathai-tx.github.io/catalogo-productos-forza-workgear/p/018.html,Forza WorkGear,in stock,new,018,Café,7
018-075,37,37.jpg,"37.1.jpg, 37.2.jpg",https://raw.githubusercontent.com/partnerpathai-TX/catalogo-productos-forza-workgear/main/productos/37.jpg,"https://raw.githubusercontent.com/partnerpathai-TX/catalogo-productos-forza-workgear/main/productos/37.1.jpg,https://raw.githubusercontent.com/partnerpathai-TX/catalogo-productos-forza-workgear/main/productos/37.2.jpg","Bota de trabajo Rhino de agujetas con punta de mocasín, café, talla 7.5","🥾 Bota de trabajo Rhino punta de mocasín — clásica, cómoda y para toda la temporada

Corte alto con agujetas y ojales de latón, cuero curtido al aceite y suela cosida tipo Goodyear. Suela de cuña resistente al aceite que no marca el piso y amortigua al caminar sobre concreto.

✅ Cuero curtido al aceite
✅ Punta de mocasín reforzada
✅ Suela cosida tipo Goodyear
✅ Suela de cuña resistente al aceite
✅ Ojales de latón

Color café. Tallas de la 5 a la 11, incluyendo medias tallas. Para carpintería, techos y obra en general. 💪",95.00 USD,https://partnerpathai-tx.github.io/catalogo-productos-forza-workgear/p/018.html,Forza WorkGear,in stock,new,018,Café,7.5
018-080,37,37.jpg,"37.1.jpg, 37.2.jpg",https://raw.githubusercontent.com/partnerpathai-TX/catalogo-productos-forza-workgear/main/productos/37.jpg,"https://raw.githubusercontent.com/partnerpathai-TX/catalogo-productos-forza-workgear/main/productos/37.1.jpg,https://raw.githubusercontent.com/partnerpathai-TX/catalogo-productos-forza-workgear/main/productos/37.2.jpg","Bota de trabajo Rhino de agujetas con punta de mocasín, café, talla 8","🥾 Bota de trabajo Rhino punta de mocasín — clásica, cómoda y para toda la temporada

Corte alto con agujetas y ojales de latón, cuero curtido al aceite y suela cosida tipo Goodyear. Suela de cuña resistente al aceite que no marca el piso y amortigua al caminar sobre concreto.

✅ Cuero curtido al aceite
✅ Punta de mocasín reforzada
✅ Suela cosida tipo Goodyear
✅ Suela de cuña resistente al aceite
✅ Ojales de latón

Color café. Tallas de la 5 a la 11, incluyendo medias tallas. Para carpintería, techos y obra en general. 💪",95.00 USD,https://partnerpathai-tx.github.io/catalogo-productos-forza-workgear/p/018.html,Forza WorkGear,in stock,new,018,Café,8
018-085,37,37.jpg,"37.1.jpg, 37.2.jpg",https://raw.githubusercontent.com/partnerpathai-TX/catalogo-productos-forza-workgear/main/productos/37.jpg,"https://raw.githubusercontent.com/partnerpathai-TX/catalogo-productos-forza-workgear/main/productos/37.1.jpg,https://raw.githubusercontent.com/partnerpathai-TX/catalogo-productos-forza-workgear/main/productos/37.2.jpg","Bota de trabajo Rhino de agujetas con punta de mocasín, café, talla 8.5","🥾 Bota de trabajo Rhino punta de mocasín — clásica, cómoda y para toda la temporada

Corte alto con agujetas y ojales de latón, cuero curtido al aceite y suela cosida tipo Goodyear. Suela de cuña resistente al aceite que no marca el piso y amortigua al caminar sobre concreto.

✅ Cuero curtido al aceite
✅ Punta de mocasín reforzada
✅ Suela cosida tipo Goodyear
✅ Suela de cuña resistente al aceite
✅ Ojales de latón

Color café. Tallas de la 5 a la 11, incluyendo medias tallas. Para carpintería, techos y obra en general. 💪",95.00 USD,https://partnerpathai-tx.github.io/catalogo-productos-forza-workgear/p/018.html,Forza WorkGear,in stock,new,018,Café,8.5
018-090,37,37.jpg,"37.1.jpg, 37.2.jpg",https://raw.githubusercontent.com/partnerpathai-TX/catalogo-productos-forza-workgear/main/productos/37.jpg,"https://raw.githubusercontent.com/partnerpathai-TX/catalogo-productos-forza-workgear/main/productos/37.1.jpg,https://raw.githubusercontent.com/partnerpathai-TX/catalogo-productos-forza-workgear/main/productos/37.2.jpg","Bota de trabajo Rhino de agujetas con punta de mocasín, café, talla 9","🥾 Bota de trabajo Rhino punta de mocasín — clásica, cómoda y para toda la temporada

Corte alto con agujetas y ojales de latón, cuero curtido al aceite y suela cosida tipo Goodyear. Suela de cuña resistente al aceite que no marca el piso y amortigua al caminar sobre concreto.

✅ Cuero curtido al aceite
✅ Punta de mocasín reforzada
✅ Suela cosida tipo Goodyear
✅ Suela de cuña resistente al aceite
✅ Ojales de latón

Color café. Tallas de la 5 a la 11, incluyendo medias tallas. Para carpintería, techos y obra en general. 💪",95.00 USD,https://partnerpathai-tx.github.io/catalogo-productos-forza-workgear/p/018.html,Forza WorkGear,in stock,new,018,Café,9
018-095,37,37.jpg,"37.1.jpg, 37.2.jpg",https://raw.githubusercontent.com/partnerpathai-TX/catalogo-productos-forza-workgear/main/productos/37.jpg,"https://raw.githubusercontent.com/partnerpathai-TX/catalogo-productos-forza-workgear/main/productos/37.1.jpg,https://raw.githubusercontent.com/partnerpathai-TX/catalogo-productos-forza-workgear/main/productos/37.2.jpg","Bota de trabajo Rhino de agujetas con punta de mocasín, café, talla 9.5","🥾 Bota de trabajo Rhino punta de mocasín — clásica, cómoda y para toda la temporada

Corte alto con agujetas y ojales de latón, cuero curtido al aceite y suela cosida tipo Goodyear. Suela de cuña resistente al aceite que no marca el piso y amortigua al caminar sobre concreto.

✅ Cuero curtido al aceite
✅ Punta de mocasín reforzada
✅ Suela cosida tipo Goodyear
✅ Suela de cuña resistente al aceite
✅ Ojales de latón

Color café. Tallas de la 5 a la 11, incluyendo medias tallas. Para carpintería, techos y obra en general. 💪",95.00 USD,https://partnerpathai-tx.github.io/catalogo-productos-forza-workgear/p/018.html,Forza WorkGear,in stock,new,018,Café,9.5
018-100,37,37.jpg,"37.1.jpg, 37.2.jpg",https://raw.githubusercontent.com/partnerpathai-TX/catalogo-productos-forza-workgear/main/productos/37.jpg,"https://raw.githubusercontent.com/partnerpathai-TX/catalogo-productos-forza-workgear/main/productos/37.1.jpg,https://raw.githubusercontent.com/partnerpathai-TX/catalogo-productos-forza-workgear/main/productos/37.2.jpg","Bota de trabajo Rhino de agujetas con punta de mocasín, café, talla 10","🥾 Bota de trabajo Rhino punta de mocasín — clásica, cómoda y para toda la temporada

Corte alto con agujetas y ojales de latón, cuero curtido al aceite y suela cosida tipo Goodyear. Suela de cuña resistente al aceite que no marca el piso y amortigua al caminar sobre concreto.

✅ Cuero curtido al aceite
✅ Punta de mocasín reforzada
✅ Suela cosida tipo Goodyear
✅ Suela de cuña resistente al aceite
✅ Ojales de latón

Color café. Tallas de la 5 a la 11, incluyendo medias tallas. Para carpintería, techos y obra en general. 💪",95.00 USD,https://partnerpathai-tx.github.io/catalogo-productos-forza-workgear/p/018.html,Forza WorkGear,in stock,new,018,Café,10
018-105,37,37.jpg,"37.1.jpg, 37.2.jpg",https://raw.githubusercontent.com/partnerpathai-TX/catalogo-productos-forza-workgear/main/productos/37.jpg,"https://raw.githubusercontent.com/partnerpathai-TX/catalogo-productos-forza-workgear/main/productos/37.1.jpg,https://raw.githubusercontent.com/partnerpathai-TX/catalogo-productos-forza-workgear/main/productos/37.2.jpg","Bota de trabajo Rhino de agujetas con punta de mocasín, café, talla 10.5","🥾 Bota de trabajo Rhino punta de mocasín — clásica, cómoda y para toda la temporada

Corte alto con agujetas y ojales de latón, cuero curtido al aceite y suela cosida tipo Goodyear. Suela de cuña resistente al aceite que no marca el piso y amortigua al caminar sobre concreto.

✅ Cuero curtido al aceite
✅ Punta de mocasín reforzada
✅ Suela cosida tipo Goodyear
✅ Suela de cuña resistente al aceite
✅ Ojales de latón

Color café. Tallas de la 5 a la 11, incluyendo medias tallas. Para carpintería, techos y obra en general. 💪",95.00 USD,https://partnerpathai-tx.github.io/catalogo-productos-forza-workgear/p/018.html,Forza WorkGear,in stock,new,018,Café,10.5
018-110,37,37.jpg,"37.1.jpg, 37.2.jpg",https://raw.githubusercontent.com/partnerpathai-TX/catalogo-productos-forza-workgear/main/productos/37.jpg,"https://raw.githubusercontent.com/partnerpathai-TX/catalogo-productos-forza-workgear/main/productos/37.1.jpg,https://raw.githubusercontent.com/partnerpathai-TX/catalogo-productos-forza-workgear/main/productos/37.2.jpg","Bota de trabajo Rhino de agujetas con punta de mocasín, café, talla 11","🥾 Bota de trabajo Rhino punta de mocasín — clásica, cómoda y para toda la temporada

Corte alto con agujetas y ojales de latón, cuero curtido al aceite y suela cosida tipo Goodyear. Suela de cuña resistente al aceite que no marca el piso y amortigua al caminar sobre concreto.

✅ Cuero curtido al aceite
✅ Punta de mocasín reforzada
✅ Suela cosida tipo Goodyear
✅ Suela de cuña resistente al aceite
✅ Ojales de latón

Color café. Tallas de la 5 a la 11, incluyendo medias tallas. Para carpintería, techos y obra en general. 💪",95.00 USD,https://partnerpathai-tx.github.io/catalogo-productos-forza-workgear/p/018.html,Forza WorkGear,in stock,new,018,Café,11
019-rojo,38,38.1.jpg,,https://raw.githubusercontent.com/partnerpathai-TX/catalogo-productos-forza-workgear/main/productos/38.1.jpg,,"Manguera de aire Zeluga Z-Flex reforzada 1/4 x 100 pies 300 PSI, roja","💨 Manguera de aire Z-Flex 300 PSI en rojo — para el trabajo que exige presión

Poliuretano reforzado modelo 21-306 con conector de bola giratorio de seis balines y tapón de seguridad de aire, que libera la presión de forma controlada al desconectar. Trabaja hasta 300 PSI.

✅ 1/4 de pulgada por 100 pies
✅ Presión de trabajo de 300 PSI
✅ Conector de bola giratorio
✅ Tapón de seguridad de aire
✅ Rango de -40 a 165 grados F

Color rojo translúcido, para ver por dónde va la manguera. Flexible incluso en frío. 💪",89.00 USD,,Forza WorkGear,in stock,new,019,Rojo translúcido,
019-verde,38,38.2.jpg,,https://raw.githubusercontent.com/partnerpathai-TX/catalogo-productos-forza-workgear/main/productos/38.2.jpg,,"Manguera de aire Zeluga Z-Flex reforzada 1/4 x 100 pies 300 PSI, verde","💨 Manguera de aire Z-Flex 300 PSI en verde — para el trabajo que exige presión

Poliuretano reforzado modelo 21-306 con conector de bola giratorio de seis balines y tapón de seguridad de aire, que libera la presión de forma controlada al desconectar. Trabaja hasta 300 PSI.

✅ 1/4 de pulgada por 100 pies
✅ Presión de trabajo de 300 PSI
✅ Conector de bola giratorio
✅ Tapón de seguridad de aire
✅ Rango de -40 a 165 grados F

Color verde translúcido, para ver por dónde va la manguera. Flexible incluso en frío. 💪",89.00 USD,,Forza WorkGear,in stock,new,019,Verde translúcido,
020,42,42.jpg,42.1.jpg,https://raw.githubusercontent.com/partnerpathai-TX/catalogo-productos-forza-workgear/main/productos/42.jpg,https://raw.githubusercontent.com/partnerpathai-TX/catalogo-productos-forza-workgear/main/productos/42.1.jpg,Clavadora neumática de rollo para techo Zeluga 15 grados 28-145,"🔩 Clavadora de rollo para techo Zeluga 28-145 — ponle ritmo al retecho

Clavadora neumática de rollo a 15 grados para clavo de 3/4 a 1-3/4 de pulgada, con capacidad de 120 clavos por carga. Cuerpo de aluminio tratado térmicamente: fuerte, pero de solo 2.75 kilos para que no te canse el brazo.

✅ Clavo de 3/4 a 1-3/4 de pulgada
✅ Capacidad de 120 clavos
✅ Aluminio tratado térmicamente
✅ Peso ligero de 2.75 kilos
✅ Presión de operación de 70 a 110 PSI

Para teja, cubiertas de madera, aislante, recubrimiento de vinil y fibrocemento. 💪",240.00 USD,https://partnerpathai-tx.github.io/catalogo-productos-forza-workgear/p/020.html,Forza WorkGear,in stock,new,,,
021,43,43.jpg,,https://raw.githubusercontent.com/partnerpathai-TX/catalogo-productos-forza-workgear/main/productos/43.jpg,,Clavadora neumática estructural Zeluga 28-512,"🔩 Clavadora neumática estructural Zeluga 28-512 — para armar estructura rápido y parejo

Cargador angulado de aluminio endurecido que mantiene el balance de la herramienta aun cargada, gatillo de disparo simple y por golpe, y mecanismo de seguridad de una sola pieza.

✅ Cargador de aluminio endurecido
✅ Disparo simple y por golpe
✅ Mecanismo de seguridad de una pieza
✅ Balance para trabajo continuo
✅ Un año de garantía limitada

Para armar muros, entrepisos y estructura de madera. 💪",250.00 USD,https://partnerpathai-tx.github.io/catalogo-productos-forza-workgear/p/021.html,Forza WorkGear,in stock,new,,,
022,45,45.jpg,,https://raw.githubusercontent.com/partnerpathai-TX/catalogo-productos-forza-workgear/main/productos/45.jpg,,"Cuerda trenzada doble de poliéster, azul","🪢 Cuerda trenzada doble de poliéster azul — amarra con confianza

Construcción de trenzado doble con hilo naranja de identificación. Baja elongación, así que la carga no rebota, y alta resistencia a la abrasión y a los rayos UV. Puntas selladas que no se deshilachan.

✅ Trenzado doble de poliéster
✅ Baja elongación
✅ Resistente a la abrasión
✅ Resistente a los rayos UV
✅ Puntas selladas

Para izaje, amarre, remolque y trabajo en altura. 💪",89.00 USD,,Forza WorkGear,in stock,new,,,
023-azul,46,46.jpg,,https://raw.githubusercontent.com/partnerpathai-TX/catalogo-productos-forza-workgear/main/productos/46.jpg,,"Manguera de aire Coilhose Flexeel reforzada 1/4 x 100 pies, azul","💨 Manguera Coilhose Flexeel en azul — la original, y se nota

Manguera de aire reforzada de 1/4 por 100 pies, hasta 50% más ligera que una de hule y flexible incluso bajo cero. Resiste abrasión, aceites y grasas mucho mejor que el PVC o el hule común.

✅ Hasta 50% más ligera que el hule
✅ Flexible en temperaturas bajo cero
✅ Resiste aceites y grasas
✅ 200 PSI a 70 grados F
✅ Rango de -40 a 165 grados F

Color azul. Modelo PFEA1004T. 💪",120.00 USD,https://partnerpathai-tx.github.io/catalogo-productos-forza-workgear/p/023.html,Forza WorkGear,in stock,new,023,Azul,
023-rojo,46,46.1.jpg,,https://raw.githubusercontent.com/partnerpathai-TX/catalogo-productos-forza-workgear/main/productos/46.1.jpg,,"Manguera de aire Coilhose Flexeel reforzada 1/4 x 100 pies, roja","💨 Manguera Coilhose Flexeel en rojo — la original, y se nota

Manguera de aire reforzada de 1/4 por 100 pies, hasta 50% más ligera que una de hule y flexible incluso bajo cero. Resiste abrasión, aceites y grasas mucho mejor que el PVC o el hule común.

✅ Hasta 50% más ligera que el hule
✅ Flexible en temperaturas bajo cero
✅ Resiste aceites y grasas
✅ 200 PSI a 70 grados F
✅ Rango de -40 a 165 grados F

Color rojo. Modelo PFEA1004TR. 💪",120.00 USD,https://partnerpathai-tx.github.io/catalogo-productos-forza-workgear/p/023.html,Forza WorkGear,in stock,new,023,Rojo,
023-amarillo,46,46.2.jpg,,https://raw.githubusercontent.com/partnerpathai-TX/catalogo-productos-forza-workgear/main/productos/46.2.jpg,,"Manguera de aire Coilhose Flexeel reforzada 1/4 x 100 pies, amarilla","💨 Manguera Coilhose Flexeel en amarillo — la original, y se nota

Manguera de aire reforzada de 1/4 por 100 pies, hasta 50% más ligera que una de hule y flexible incluso bajo cero. Resiste abrasión, aceites y grasas mucho mejor que el PVC o el hule común.

✅ Hasta 50% más ligera que el hule
✅ Flexible en temperaturas bajo cero
✅ Resiste aceites y grasas
✅ 200 PSI a 70 grados F
✅ Amarillo visible en piso de obra

Color amarillo. Modelo PFE41004TY. 💪",120.00 USD,https://partnerpathai-tx.github.io/catalogo-productos-forza-workgear/p/023.html,Forza WorkGear,in stock,new,023,Amarillo,
024,47,47.jpg,,https://raw.githubusercontent.com/partnerpathai-TX/catalogo-productos-forza-workgear/main/productos/47.jpg,,"Cuerda trenzada doble de poliéster, amarilla","🪢 Cuerda trenzada doble de poliéster amarilla — visible y resistente

Trenzado doble con hilo rojo de identificación y color amarillo de alta visibilidad. Baja elongación, resistente a la abrasión y a los rayos UV, con puntas selladas que no se abren.

✅ Trenzado doble de poliéster
✅ Color de alta visibilidad
✅ Baja elongación
✅ Resistente a la abrasión y a los rayos UV
✅ Puntas selladas

Para izaje, amarre, remolque y trabajo en altura. 💪",65.00 USD,,Forza WorkGear,in stock,new,,,
025,55,55.jpg,,https://raw.githubusercontent.com/partnerpathai-TX/catalogo-productos-forza-workgear/main/productos/55.jpg,,"Manguera de aire Zeluga Z-Lite 1/4 x 100 pies, naranja","💨 Manguera de aire Z-Lite 21-342 — poliuretano ligero de 100 pies

Alternativa ligera a la manguera de hule, con conexiones incluidas y trenzado interno reforzado. Sus conectores de alivio de tensión son reusables, así que puedes cortar y reparar la manguera en obra.

✅ 1/4 de pulgada por 100 pies
✅ Poliuretano ultraligero
✅ Conexiones reusables
✅ Reparable en obra
✅ Estabilizada contra rayos UV

Color naranja de alta visibilidad. 💪",45.00 USD,,Forza WorkGear,in stock,new,,,
026,59,59.jpg,,https://raw.githubusercontent.com/partnerpathai-TX/catalogo-productos-forza-workgear/main/productos/59.jpg,,"Manguera de aire Zeluga Z-Lite 1/4 x 100 pies, azul","💨 Manguera de aire Z-Lite 21-314 — se arrastra sola por la obra

Poliuretano de 1/4 por 100 pies con chaqueta exterior resistente y conexiones incluidas. Pesa una fracción de lo que pesa una manguera de hule del mismo largo y se enrolla sin pelear.

✅ 1/4 de pulgada por 100 pies
✅ Poliuretano ultraligero
✅ Chaqueta exterior resistente
✅ Conexiones reusables
✅ Estabilizada contra rayos UV

Color azul. Para compresores, clavadoras y pistolas de aire. 💪",45.00 USD,,Forza WorkGear,in stock,new,,,
027,61,61.jpg,"61.1.jpg, 61.2.jpg",https://raw.githubusercontent.com/partnerpathai-TX/catalogo-productos-forza-workgear/main/productos/61.jpg,"https://raw.githubusercontent.com/partnerpathai-TX/catalogo-productos-forza-workgear/main/productos/61.1.jpg,https://raw.githubusercontent.com/partnerpathai-TX/catalogo-productos-forza-workgear/main/productos/61.2.jpg",Set de cinturón portaherramientas Zeluga en lona negra y cuero,"🧰 Set de cinturón portaherramientas Zeluga en lona negra — resistencia sin el peso del cuero

Dos bolsas en lona encerada negra con refuerzos y ribete de cuero color vino, porta martillo, porta cinta métrica de acero y cinturón de cuero con hebilla de acero.

✅ Lona encerada resistente al agua
✅ Refuerzos y ribete de cuero
✅ Porta martillo y porta cinta
✅ Cinturón de cuero con hebilla de acero
✅ Costura doble y remaches de tensión

Para uso rudo diario en construcción y remodelación. 💪",189.00 USD,https://partnerpathai-tx.github.io/catalogo-productos-forza-workgear/p/027.html,Forza WorkGear,in stock,new,,,
028,68,68.jpg,"68.1.jpg, 68.2.jpg, 68.3.jpg",https://raw.githubusercontent.com/partnerpathai-TX/catalogo-productos-forza-workgear/main/productos/68.jpg,"https://raw.githubusercontent.com/partnerpathai-TX/catalogo-productos-forza-workgear/main/productos/68.1.jpg,https://raw.githubusercontent.com/partnerpathai-TX/catalogo-productos-forza-workgear/main/productos/68.2.jpg,https://raw.githubusercontent.com/partnerpathai-TX/catalogo-productos-forza-workgear/main/productos/68.3.jpg",Cinturón portaherramientas Zeluga de poliéster con tirantes,"🧰 Set portaherramientas Zeluga de poliéster — ligero, lavable y de alta visibilidad

Cinturón acolchado con ojales metálicos, dos bolsas con bolsillos ribeteados en naranja de alta visibilidad, porta martillo y tirantes acolchados desmontables. Encuentras la herramienta de un vistazo.

✅ Poliéster resistente y lavable
✅ Interiores naranja de alta visibilidad
✅ Tirantes acolchados desmontables
✅ Cinturón acolchado con ojales metálicos
✅ Porta martillo y bolsillos organizadores

Mucho más ligero que un set de cuero. 💪",135.00 USD,https://partnerpathai-tx.github.io/catalogo-productos-forza-workgear/p/028.html,Forza WorkGear,in stock,new,,,
029,79,79.jpg,79.1.jpg,https://raw.githubusercontent.com/partnerpathai-TX/catalogo-productos-forza-workgear/main/productos/79.jpg,https://raw.githubusercontent.com/partnerpathai-TX/catalogo-productos-forza-workgear/main/productos/79.1.jpg,Arnés de cuerpo completo Zeluga para trabajo en altura,"🦺 Arnés de cuerpo completo Zeluga — porque de altura no se regresa dos veces

Argolla dorsal en D, argollas laterales y frontal para posicionamiento, hombreras y cinturón acolchados que reparten la carga, y hebillas ajustables en piernas y pecho para que quede a tu medida.

✅ Argolla dorsal en D de acero
✅ Argollas laterales y frontal
✅ Hombreras y cinturón acolchados
✅ Ajuste en piernas y pecho
✅ Cintas de alta resistencia

Para trabajo en altura, andamio, torre y rescate. 💪",135.00 USD,https://partnerpathai-tx.github.io/catalogo-productos-forza-workgear/p/029.html,Forza WorkGear,in stock,new,,,
030-natural,81,81.jpg,,https://raw.githubusercontent.com/partnerpathai-TX/catalogo-productos-forza-workgear/main/productos/81.jpg,,"Funda de cuero para electricista Zeluga 20-169, color natural","🧰 Funda de cuero para electricista Zeluga 20-169 — cuero natural que se cura con el uso

Cuero natural sin teñir con tapa protectora, múltiples bolsillos y divisiones para desarmadores y pinzas, porta cinta métrica de acero, gancho giratorio y presilla ancha para cinturón.

✅ Cuero natural de uso rudo
✅ Tapa protectora
✅ Múltiples compartimentos
✅ Porta cinta métrica de acero
✅ Gancho giratorio reforzado

Color natural, que se oscurece parejo conforme lo usas. 💪",50.00 USD,https://partnerpathai-tx.github.io/catalogo-productos-forza-workgear/p/030.html,Forza WorkGear,in stock,new,030,Natural,
030-cafe,81,81.2.jpg,81.1.jpg,https://raw.githubusercontent.com/partnerpathai-TX/catalogo-productos-forza-workgear/main/productos/81.2.jpg,https://raw.githubusercontent.com/partnerpathai-TX/catalogo-productos-forza-workgear/main/productos/81.1.jpg,"Funda de cuero para electricista Zeluga 20-169, color café","🧰 Funda de cuero para electricista Zeluga 20-169 — cuero café, listo para usarse

Cuero teñido color café con tapa protectora, múltiples bolsillos y divisiones para desarmadores y pinzas, porta cinta métrica de acero, gancho giratorio y presilla ancha para cinturón.

✅ Cuero genuino de uso rudo
✅ Tapa protectora
✅ Múltiples compartimentos
✅ Porta cinta métrica de acero
✅ Gancho giratorio reforzado

Color café, que no se marca tanto con el uso diario. 💪",50.00 USD,https://partnerpathai-tx.github.io/catalogo-productos-forza-workgear/p/030.html,Forza WorkGear,in stock,new,030,Café,
031,87,87.jpg,,https://raw.githubusercontent.com/partnerpathai-TX/catalogo-productos-forza-workgear/main/productos/87.jpg,,"Rodilleras de trabajo Zeluga de concha dura, gris","🦵 Rodilleras de concha dura Zeluga — el día largo se siente corto

Concha exterior rígida con superficie antiderrapante y acolchado interno de alta densidad que no se aplasta con el uso. Correas ajustables con broche rápido que no aprietan la corva.

✅ Concha exterior rígida
✅ Acolchado de alta densidad
✅ Superficie antiderrapante
✅ Correas con broche rápido
✅ No se resbalan al caminar hincado

Para piso, teja, plomería y tablaroca. 💪",45.00 USD,,Forza WorkGear,in stock,new,,,
032,90,90.jpg,,https://raw.githubusercontent.com/partnerpathai-TX/catalogo-productos-forza-workgear/main/productos/90.jpg,,Barredor magnético rodante Zeluga recoge clavos,"🧲 Barredor magnético rodante — un clavo menos es una llanta menos ponchada

Barra magnética montada sobre ruedas con mango largo: solo caminas y el imán levanta clavos, tornillos, grapas y rebaba metálica del piso. Estructura de acero naranja de alta visibilidad.

✅ Imán de alta potencia
✅ Ruedas para recorrer áreas grandes
✅ Mango largo, cero agacharse
✅ Estructura de acero
✅ Acabado naranja de alta visibilidad

Indispensable al terminar un retecho o una demolición. 💪",48.00 USD,,Forza WorkGear,in stock,new,,,
033,91,91.jpg,,https://raw.githubusercontent.com/partnerpathai-TX/catalogo-productos-forza-workgear/main/productos/91.jpg,,Set de cinturón portaherramientas de cuero café Zeluga,"🧰 Set de cinturón portaherramientas de cuero café Zeluga — el equipo completo

Dos bolsas de cuero gamuza con tapa de cuero liso, porta martillo metálico, porta cinta métrica y cinturón ajustable. Múltiples bolsillos de distintos tamaños y remaches en cada punto de tensión.

✅ Cuero gamuza de uso rudo
✅ Tapas de cuero liso protectoras
✅ Porta martillo metálico
✅ Múltiples compartimentos
✅ Cinturón ajustable

Para carpintería, construcción y remodelación. 💪",95.00 USD,https://partnerpathai-tx.github.io/catalogo-productos-forza-workgear/p/033.html,Forza WorkGear,in stock,new,,,
034,92,92.jpg,"92.1.jpg, 92.2.jpg",https://raw.githubusercontent.com/partnerpathai-TX/catalogo-productos-forza-workgear/main/productos/92.jpg,"https://raw.githubusercontent.com/partnerpathai-TX/catalogo-productos-forza-workgear/main/productos/92.1.jpg,https://raw.githubusercontent.com/partnerpathai-TX/catalogo-productos-forza-workgear/main/productos/92.2.jpg",Pala quita tejas dentada con mango tipo D,"🏠 Pala quita tejas dentada — levanta teja y clavo de un solo tirón

Cabeza de acero con dientes que atrapan la cabeza del clavo y punto de apoyo reforzado que hace palanca por ti. Mango con agarradera tipo D para jalar con las dos manos sin que se te resbale.

✅ Cabeza de acero dentada
✅ Punto de apoyo reforzado
✅ Agarradera tipo D
✅ Saca teja y clavos juntos
✅ Acabado naranja de alta visibilidad

La herramienta que hace rápido un retecho. 💪",65.00 USD,https://partnerpathai-tx.github.io/catalogo-productos-forza-workgear/p/034.html,Forza WorkGear,in stock,new,,,
