id,title,description,availability,condition,price,link,image_link,additional_image_link,brand,item_group_id,color,size,identifier_exists
001,Funda de cuero gamuza Zeluga de 10 bolsillos con porta-martillo,"🧰 Funda de cuero gamuza Zeluga — todo tu herramental a la mano

Fabricada en cuero gamuza grueso color café, con 10 bolsillos de distintos tamaños para clavos, tornillos, cinta métrica y herramienta de mano. Incluye dos ganchos metálicos reforzados para colgar martillo o pinzas.

✅ Cuero gamuza de uso rudo
✅ 10 bolsillos organizadores
✅ Doble porta-martillo metálico
✅ Costuras y remaches reforzados
✅ Ideal para carpinteros, albañiles y contratistas

Se adapta a cualquier cinturón de trabajo estándar. 💪",in stock,new,37.00 USD,https://partnerpathai-tx.github.io/catalogo-productos-forza-workgear/p/001.html,https://raw.githubusercontent.com/partnerpathai-TX/catalogo-productos-forza-workgear/main/productos/1.1.jpg,"https://raw.githubusercontent.com/partnerpathai-TX/catalogo-productos-forza-workgear/main/productos/1.2.jpg,https://raw.githubusercontent.com/partnerpathai-TX/catalogo-productos-forza-workgear/main/productos/1.3.jpg",Forza WorkGear,,,,no
002,Malla de seguridad naranja Zeluga de uso rudo 12 mil 220 GSM,"🏗️ Malla de seguridad naranja Zeluga — protege tu obra y a tu gente

Tejido de uso rudo de 12 mil de grosor y 220 GSM que deja pasar el aire pero detiene el escombro. Tratada contra rayos UV para que no se cristalice al sol y con ojales de bronce anticorrosivo en todo el perímetro.

✅ 12 mil de grosor y 220 GSM
✅ Tratada contra rayos UV
✅ Resistente al agua
✅ Ojales de bronce anticorrosivo
✅ Costura perimetral reforzada

Perfecta para cubrir andamio, contener escombro y dar sombra en obra. 💪",in stock,new,130.00 USD,https://partnerpathai-tx.github.io/catalogo-productos-forza-workgear/p/002.html,https://raw.githubusercontent.com/partnerpathai-TX/catalogo-productos-forza-workgear/main/productos/4.jpg,https://raw.githubusercontent.com/partnerpathai-TX/catalogo-productos-forza-workgear/main/productos/4.1.jpg,Forza WorkGear,,,,no
006,Funda de cuero café Zeluga con porta cinta métrica,"🧰 Funda de cuero café Zeluga — la herramienta que usas siempre, siempre a la mano

Cuero genuino color café oscuro con tapa protectora, varios bolsillos y divisiones para desarmadores, pinzas y navaja. Trae porta cinta métrica de acero y gancho giratorio para colgar herramienta pesada.

✅ Cuero genuino de uso rudo
✅ Tapa protectora
✅ Porta cinta métrica de acero
✅ Gancho giratorio reforzado
✅ Presilla para cualquier cinturón

Ideal para electricistas y técnicos de mantenimiento. 💪",in stock,new,50.00 USD,https://partnerpathai-tx.github.io/catalogo-productos-forza-workgear/p/006.html,https://raw.githubusercontent.com/partnerpathai-TX/catalogo-productos-forza-workgear/main/productos/12.jpg,https://raw.githubusercontent.com/partnerpathai-TX/catalogo-productos-forza-workgear/main/productos/12.1.jpg,Forza WorkGear,,,,no
007-vino,"Rodilleras de cuero Zeluga forradas en borrega, color vino","🦵 Rodilleras de cuero Zeluga en vino — trabaja hincado todo el día sin sufrir

Cuero genuino color vino por fuera y forro de borrega por dentro, con dos correas de cuero y hebilla de metal que se ajustan a tu pierna y no se aflojan al moverte. Copete de cuero reforzado con remaches para aguantar concreto, madera y teja.

✅ Cuero genuino de uso rudo
✅ Forro interior de borrega
✅ Dos correas ajustables con hebilla
✅ Copete reforzado con remaches
✅ No se resbalan al caminar hincado

Presentación en cuero vino. Para instaladores de piso, plomeros y techadores. 💪",in stock,new,45.00 USD,https://partnerpathai-tx.github.io/catalogo-productos-forza-workgear/p/007.html,https://raw.githubusercontent.com/partnerpathai-TX/catalogo-productos-forza-workgear/main/productos/13.jpg,https://raw.githubusercontent.com/partnerpathai-TX/catalogo-productos-forza-workgear/main/productos/13.2.jpg,Forza WorkGear,007,Vino,,no
007-negro,"Rodilleras de cuero Zeluga forradas en borrega, color negro","🦵 Rodilleras de cuero Zeluga en negro — trabaja hincado todo el día sin sufrir

Cuero genuino negro por fuera y forro de borrega por dentro, con dos correas de cuero y hebilla de metal que se ajustan a tu pierna y no se aflojan al moverte. Copete de cuero reforzado con remaches para aguantar concreto, madera y teja.

✅ Cuero genuino de uso rudo
✅ Forro interior de borrega
✅ Dos correas ajustables con hebilla
✅ Copete reforzado con remaches
✅ No se resbalan al caminar hincado

Presentación en cuero negro. Para instaladores de piso, plomeros y techadores. 💪",in stock,new,45.00 USD,https://partnerpathai-tx.github.io/catalogo-productos-forza-workgear/p/007.html,https://raw.githubusercontent.com/partnerpathai-TX/catalogo-productos-forza-workgear/main/productos/13.3.jpg,https://raw.githubusercontent.com/partnerpathai-TX/catalogo-productos-forza-workgear/main/productos/13.1.jpg,Forza WorkGear,007,Negro,,no
007-natural,"Rodilleras de cuero Zeluga forradas en borrega, color natural","🦵 Rodilleras de cuero Zeluga en natural — trabaja hincado todo el día sin sufrir

Cuero natural sin teñir por fuera y forro de borrega por dentro, con correas de cuero y hebilla de metal que se ajustan a tu pierna. Copete de cuero reforzado con remaches para aguantar concreto, madera y teja.

✅ Cuero natural de uso rudo
✅ Forro interior de borrega
✅ Correas ajustables con hebilla
✅ Copete reforzado con remaches
✅ No se resbalan al caminar hincado

Presentación en cuero natural, que se oscurece bonito con el uso. 💪",in stock,new,45.00 USD,https://partnerpathai-tx.github.io/catalogo-productos-forza-workgear/p/007.html,https://raw.githubusercontent.com/partnerpathai-TX/catalogo-productos-forza-workgear/main/productos/13.4.jpg,,Forza WorkGear,007,Natural,,no
008-050,"Bota de trabajo Rhino 90M07 de cuero curtido al aceite, café, talla 5","🥾 Bota de trabajo Rhino 90M07 — te la pones y a trabajar

Bota sin agujetas de corte alto en cuero curtido al aceite, con suela cosida tipo Goodyear, la que permite resolear la bota en vez de tirarla. Plantilla acolchada y suela resistente al aceite.

✅ Cuero curtido al aceite
✅ Suela cosida tipo Goodyear
✅ Suela resistente al aceite
✅ Plantilla acolchada
✅ Se calza y se quita en segundos

Color café. Tallas de la 5 a la 11, incluyendo medias tallas. Para obra, rancho y trabajo pesado diario. 💪",in stock,new,110.00 USD,https://partnerpathai-tx.github.io/catalogo-productos-forza-workgear/p/008.html,https://raw.githubusercontent.com/partnerpathai-TX/catalogo-productos-forza-workgear/main/productos/14.jpg,"https://raw.githubusercontent.com/partnerpathai-TX/catalogo-productos-forza-workgear/main/productos/14.1.jpg,https://raw.githubusercontent.com/partnerpathai-TX/catalogo-productos-forza-workgear/main/productos/14.2.jpg,https://raw.githubusercontent.com/partnerpathai-TX/catalogo-productos-forza-workgear/main/productos/14.3.jpg",Forza WorkGear,008,Café,5,no
008-055,"Bota de trabajo Rhino 90M07 de cuero curtido al aceite, café, talla 5.5","🥾 Bota de trabajo Rhino 90M07 — te la pones y a trabajar

Bota sin agujetas de corte alto en cuero curtido al aceite, con suela cosida tipo Goodyear, la que permite resolear la bota en vez de tirarla. Plantilla acolchada y suela resistente al aceite.

✅ Cuero curtido al aceite
✅ Suela cosida tipo Goodyear
✅ Suela resistente al aceite
✅ Plantilla acolchada
✅ Se calza y se quita en segundos

Color café. Tallas de la 5 a la 11, incluyendo medias tallas. Para obra, rancho y trabajo pesado diario. 💪",in stock,new,110.00 USD,https://partnerpathai-tx.github.io/catalogo-productos-forza-workgear/p/008.html,https://raw.githubusercontent.com/partnerpathai-TX/catalogo-productos-forza-workgear/main/productos/14.jpg,"https://raw.githubusercontent.com/partnerpathai-TX/catalogo-productos-forza-workgear/main/productos/14.1.jpg,https://raw.githubusercontent.com/partnerpathai-TX/catalogo-productos-forza-workgear/main/productos/14.2.jpg,https://raw.githubusercontent.com/partnerpathai-TX/catalogo-productos-forza-workgear/main/productos/14.3.jpg",Forza WorkGear,008,Café,5.5,no
008-060,"Bota de trabajo Rhino 90M07 de cuero curtido al aceite, café, talla 6","🥾 Bota de trabajo Rhino 90M07 — te la pones y a trabajar

Bota sin agujetas de corte alto en cuero curtido al aceite, con suela cosida tipo Goodyear, la que permite resolear la bota en vez de tirarla. Plantilla acolchada y suela resistente al aceite.

✅ Cuero curtido al aceite
✅ Suela cosida tipo Goodyear
✅ Suela resistente al aceite
✅ Plantilla acolchada
✅ Se calza y se quita en segundos

Color café. Tallas de la 5 a la 11, incluyendo medias tallas. Para obra, rancho y trabajo pesado diario. 💪",in stock,new,110.00 USD,https://partnerpathai-tx.github.io/catalogo-productos-forza-workgear/p/008.html,https://raw.githubusercontent.com/partnerpathai-TX/catalogo-productos-forza-workgear/main/productos/14.jpg,"https://raw.githubusercontent.com/partnerpathai-TX/catalogo-productos-forza-workgear/main/productos/14.1.jpg,https://raw.githubusercontent.com/partnerpathai-TX/catalogo-productos-forza-workgear/main/productos/14.2.jpg,https://raw.githubusercontent.com/partnerpathai-TX/catalogo-productos-forza-workgear/main/productos/14.3.jpg",Forza WorkGear,008,Café,6,no
008-065,"Bota de trabajo Rhino 90M07 de cuero curtido al aceite, café, talla 6.5","🥾 Bota de trabajo Rhino 90M07 — te la pones y a trabajar

Bota sin agujetas de corte alto en cuero curtido al aceite, con suela cosida tipo Goodyear, la que permite resolear la bota en vez de tirarla. Plantilla acolchada y suela resistente al aceite.

✅ Cuero curtido al aceite
✅ Suela cosida tipo Goodyear
✅ Suela resistente al aceite
✅ Plantilla acolchada
✅ Se calza y se quita en segundos

Color café. Tallas de la 5 a la 11, incluyendo medias tallas. Para obra, rancho y trabajo pesado diario. 💪",in stock,new,110.00 USD,https://partnerpathai-tx.github.io/catalogo-productos-forza-workgear/p/008.html,https://raw.githubusercontent.com/partnerpathai-TX/catalogo-productos-forza-workgear/main/productos/14.jpg,"https://raw.githubusercontent.com/partnerpathai-TX/catalogo-productos-forza-workgear/main/productos/14.1.jpg,https://raw.githubusercontent.com/partnerpathai-TX/catalogo-productos-forza-workgear/main/productos/14.2.jpg,https://raw.githubusercontent.com/partnerpathai-TX/catalogo-productos-forza-workgear/main/productos/14.3.jpg",Forza WorkGear,008,Café,6.5,no
008-070,"Bota de trabajo Rhino 90M07 de cuero curtido al aceite, café, talla 7","🥾 Bota de trabajo Rhino 90M07 — te la pones y a trabajar

Bota sin agujetas de corte alto en cuero curtido al aceite, con suela cosida tipo Goodyear, la que permite resolear la bota en vez de tirarla. Plantilla acolchada y suela resistente al aceite.

✅ Cuero curtido al aceite
✅ Suela cosida tipo Goodyear
✅ Suela resistente al aceite
✅ Plantilla acolchada
✅ Se calza y se quita en segundos

Color café. Tallas de la 5 a la 11, incluyendo medias tallas. Para obra, rancho y trabajo pesado diario. 💪",in stock,new,110.00 USD,https://partnerpathai-tx.github.io/catalogo-productos-forza-workgear/p/008.html,https://raw.githubusercontent.com/partnerpathai-TX/catalogo-productos-forza-workgear/main/productos/14.jpg,"https://raw.githubusercontent.com/partnerpathai-TX/catalogo-productos-forza-workgear/main/productos/14.1.jpg,https://raw.githubusercontent.com/partnerpathai-TX/catalogo-productos-forza-workgear/main/productos/14.2.jpg,https://raw.githubusercontent.com/partnerpathai-TX/catalogo-productos-forza-workgear/main/productos/14.3.jpg",Forza WorkGear,008,Café,7,no
008-075,"Bota de trabajo Rhino 90M07 de cuero curtido al aceite, café, talla 7.5","🥾 Bota de trabajo Rhino 90M07 — te la pones y a trabajar

Bota sin agujetas de corte alto en cuero curtido al aceite, con suela cosida tipo Goodyear, la que permite resolear la bota en vez de tirarla. Plantilla acolchada y suela resistente al aceite.

✅ Cuero curtido al aceite
✅ Suela cosida tipo Goodyear
✅ Suela resistente al aceite
✅ Plantilla acolchada
✅ Se calza y se quita en segundos

Color café. Tallas de la 5 a la 11, incluyendo medias tallas. Para obra, rancho y trabajo pesado diario. 💪",in stock,new,110.00 USD,https://partnerpathai-tx.github.io/catalogo-productos-forza-workgear/p/008.html,https://raw.githubusercontent.com/partnerpathai-TX/catalogo-productos-forza-workgear/main/productos/14.jpg,"https://raw.githubusercontent.com/partnerpathai-TX/catalogo-productos-forza-workgear/main/productos/14.1.jpg,https://raw.githubusercontent.com/partnerpathai-TX/catalogo-productos-forza-workgear/main/productos/14.2.jpg,https://raw.githubusercontent.com/partnerpathai-TX/catalogo-productos-forza-workgear/main/productos/14.3.jpg",Forza WorkGear,008,Café,7.5,no
008-080,"Bota de trabajo Rhino 90M07 de cuero curtido al aceite, café, talla 8","🥾 Bota de trabajo Rhino 90M07 — te la pones y a trabajar

Bota sin agujetas de corte alto en cuero curtido al aceite, con suela cosida tipo Goodyear, la que permite resolear la bota en vez de tirarla. Plantilla acolchada y suela resistente al aceite.

✅ Cuero curtido al aceite
✅ Suela cosida tipo Goodyear
✅ Suela resistente al aceite
✅ Plantilla acolchada
✅ Se calza y se quita en segundos

Color café. Tallas de la 5 a la 11, incluyendo medias tallas. Para obra, rancho y trabajo pesado diario. 💪",in stock,new,110.00 USD,https://partnerpathai-tx.github.io/catalogo-productos-forza-workgear/p/008.html,https://raw.githubusercontent.com/partnerpathai-TX/catalogo-productos-forza-workgear/main/productos/14.jpg,"https://raw.githubusercontent.com/partnerpathai-TX/catalogo-productos-forza-workgear/main/productos/14.1.jpg,https://raw.githubusercontent.com/partnerpathai-TX/catalogo-productos-forza-workgear/main/productos/14.2.jpg,https://raw.githubusercontent.com/partnerpathai-TX/catalogo-productos-forza-workgear/main/productos/14.3.jpg",Forza WorkGear,008,Café,8,no
008-085,"Bota de trabajo Rhino 90M07 de cuero curtido al aceite, café, talla 8.5","🥾 Bota de trabajo Rhino 90M07 — te la pones y a trabajar

Bota sin agujetas de corte alto en cuero curtido al aceite, con suela cosida tipo Goodyear, la que permite resolear la bota en vez de tirarla. Plantilla acolchada y suela resistente al aceite.

✅ Cuero curtido al aceite
✅ Suela cosida tipo Goodyear
✅ Suela resistente al aceite
✅ Plantilla acolchada
✅ Se calza y se quita en segundos

Color café. Tallas de la 5 a la 11, incluyendo medias tallas. Para obra, rancho y trabajo pesado diario. 💪",in stock,new,110.00 USD,https://partnerpathai-tx.github.io/catalogo-productos-forza-workgear/p/008.html,https://raw.githubusercontent.com/partnerpathai-TX/catalogo-productos-forza-workgear/main/productos/14.jpg,"https://raw.githubusercontent.com/partnerpathai-TX/catalogo-productos-forza-workgear/main/productos/14.1.jpg,https://raw.githubusercontent.com/partnerpathai-TX/catalogo-productos-forza-workgear/main/productos/14.2.jpg,https://raw.githubusercontent.com/partnerpathai-TX/catalogo-productos-forza-workgear/main/productos/14.3.jpg",Forza WorkGear,008,Café,8.5,no
008-090,"Bota de trabajo Rhino 90M07 de cuero curtido al aceite, café, talla 9","🥾 Bota de trabajo Rhino 90M07 — te la pones y a trabajar

Bota sin agujetas de corte alto en cuero curtido al aceite, con suela cosida tipo Goodyear, la que permite resolear la bota en vez de tirarla. Plantilla acolchada y suela resistente al aceite.

✅ Cuero curtido al aceite
✅ Suela cosida tipo Goodyear
✅ Suela resistente al aceite
✅ Plantilla acolchada
✅ Se calza y se quita en segundos

Color café. Tallas de la 5 a la 11, incluyendo medias tallas. Para obra, rancho y trabajo pesado diario. 💪",in stock,new,110.00 USD,https://partnerpathai-tx.github.io/catalogo-productos-forza-workgear/p/008.html,https://raw.githubusercontent.com/partnerpathai-TX/catalogo-productos-forza-workgear/main/productos/14.jpg,"https://raw.githubusercontent.com/partnerpathai-TX/catalogo-productos-forza-workgear/main/productos/14.1.jpg,https://raw.githubusercontent.com/partnerpathai-TX/catalogo-productos-forza-workgear/main/productos/14.2.jpg,https://raw.githubusercontent.com/partnerpathai-TX/catalogo-productos-forza-workgear/main/productos/14.3.jpg",Forza WorkGear,008,Café,9,no
008-095,"Bota de trabajo Rhino 90M07 de cuero curtido al aceite, café, talla 9.5","🥾 Bota de trabajo Rhino 90M07 — te la pones y a trabajar

Bota sin agujetas de corte alto en cuero curtido al aceite, con suela cosida tipo Goodyear, la que permite resolear la bota en vez de tirarla. Plantilla acolchada y suela resistente al aceite.

✅ Cuero curtido al aceite
✅ Suela cosida tipo Goodyear
✅ Suela resistente al aceite
✅ Plantilla acolchada
✅ Se calza y se quita en segundos

Color café. Tallas de la 5 a la 11, incluyendo medias tallas. Para obra, rancho y trabajo pesado diario. 💪",in stock,new,110.00 USD,https://partnerpathai-tx.github.io/catalogo-productos-forza-workgear/p/008.html,https://raw.githubusercontent.com/partnerpathai-TX/catalogo-productos-forza-workgear/main/productos/14.jpg,"https://raw.githubusercontent.com/partnerpathai-TX/catalogo-productos-forza-workgear/main/productos/14.1.jpg,https://raw.githubusercontent.com/partnerpathai-TX/catalogo-productos-forza-workgear/main/productos/14.2.jpg,https://raw.githubusercontent.com/partnerpathai-TX/catalogo-productos-forza-workgear/main/productos/14.3.jpg",Forza WorkGear,008,Café,9.5,no
008-100,"Bota de trabajo Rhino 90M07 de cuero curtido al aceite, café, talla 10","🥾 Bota de trabajo Rhino 90M07 — te la pones y a trabajar

Bota sin agujetas de corte alto en cuero curtido al aceite, con suela cosida tipo Goodyear, la que permite resolear la bota en vez de tirarla. Plantilla acolchada y suela resistente al aceite.

✅ Cuero curtido al aceite
✅ Suela cosida tipo Goodyear
✅ Suela resistente al aceite
✅ Plantilla acolchada
✅ Se calza y se quita en segundos

Color café. Tallas de la 5 a la 11, incluyendo medias tallas. Para obra, rancho y trabajo pesado diario. 💪",in stock,new,110.00 USD,https://partnerpathai-tx.github.io/catalogo-productos-forza-workgear/p/008.html,https://raw.githubusercontent.com/partnerpathai-TX/catalogo-productos-forza-workgear/main/productos/14.jpg,"https://raw.githubusercontent.com/partnerpathai-TX/catalogo-productos-forza-workgear/main/productos/14.1.jpg,https://raw.githubusercontent.com/partnerpathai-TX/catalogo-productos-forza-workgear/main/productos/14.2.jpg,https://raw.githubusercontent.com/partnerpathai-TX/catalogo-productos-forza-workgear/main/productos/14.3.jpg",Forza WorkGear,008,Café,10,no
008-105,"Bota de trabajo Rhino 90M07 de cuero curtido al aceite, café, talla 10.5","🥾 Bota de trabajo Rhino 90M07 — te la pones y a trabajar

Bota sin agujetas de corte alto en cuero curtido al aceite, con suela cosida tipo Goodyear, la que permite resolear la bota en vez de tirarla. Plantilla acolchada y suela resistente al aceite.

✅ Cuero curtido al aceite
✅ Suela cosida tipo Goodyear
✅ Suela resistente al aceite
✅ Plantilla acolchada
✅ Se calza y se quita en segundos

Color café. Tallas de la 5 a la 11, incluyendo medias tallas. Para obra, rancho y trabajo pesado diario. 💪",in stock,new,110.00 USD,https://partnerpathai-tx.github.io/catalogo-productos-forza-workgear/p/008.html,https://raw.githubusercontent.com/partnerpathai-TX/catalogo-productos-forza-workgear/main/productos/14.jpg,"https://raw.githubusercontent.com/partnerpathai-TX/catalogo-productos-forza-workgear/main/productos/14.1.jpg,https://raw.githubusercontent.com/partnerpathai-TX/catalogo-productos-forza-workgear/main/productos/14.2.jpg,https://raw.githubusercontent.com/partnerpathai-TX/catalogo-productos-forza-workgear/main/productos/14.3.jpg",Forza WorkGear,008,Café,10.5,no
008-110,"Bota de trabajo Rhino 90M07 de cuero curtido al aceite, café, talla 11","🥾 Bota de trabajo Rhino 90M07 — te la pones y a trabajar

Bota sin agujetas de corte alto en cuero curtido al aceite, con suela cosida tipo Goodyear, la que permite resolear la bota en vez de tirarla. Plantilla acolchada y suela resistente al aceite.

✅ Cuero curtido al aceite
✅ Suela cosida tipo Goodyear
✅ Suela resistente al aceite
✅ Plantilla acolchada
✅ Se calza y se quita en segundos

Color café. Tallas de la 5 a la 11, incluyendo medias tallas. Para obra, rancho y trabajo pesado diario. 💪",in stock,new,110.00 USD,https://partnerpathai-tx.github.io/catalogo-productos-forza-workgear/p/008.html,https://raw.githubusercontent.com/partnerpathai-TX/catalogo-productos-forza-workgear/main/productos/14.jpg,"https://raw.githubusercontent.com/partnerpathai-TX/catalogo-productos-forza-workgear/main/productos/14.1.jpg,https://raw.githubusercontent.com/partnerpathai-TX/catalogo-productos-forza-workgear/main/productos/14.2.jpg,https://raw.githubusercontent.com/partnerpathai-TX/catalogo-productos-forza-workgear/main/productos/14.3.jpg",Forza WorkGear,008,Café,11,no
009,Barredor magnético de mano Zeluga recoge clavos,"🧲 Barredor magnético de mano — levanta el clavo antes de que levante tu llanta

Barra magnética con mango largo y empuñadura cómoda que jala clavos, tornillos, grapas y rebaba metálica del piso sin que tengas que agacharte. Estructura de acero pintada en naranja de alta visibilidad.

✅ Imán de alta potencia
✅ Mango largo, cero agacharse
✅ Estructura de acero
✅ Acabado naranja de alta visibilidad
✅ Libera el metal con solo levantarlo

Limpia obras, talleres y estacionamientos en minutos. 💪",in stock,new,55.00 USD,https://partnerpathai-tx.github.io/catalogo-productos-forza-workgear/p/009.html,https://raw.githubusercontent.com/partnerpathai-TX/catalogo-productos-forza-workgear/main/productos/15.jpg,https://raw.githubusercontent.com/partnerpathai-TX/catalogo-productos-forza-workgear/main/productos/15.1.jpg,Forza WorkGear,,,,no
010,Cinturón portaherramientas camuflaje Zeluga con tirantes,"🧰 Cinturón portaherramientas camuflaje Zeluga — el set completo, listo para la obra

Cinturón acolchado con ojales metálicos, dos bolsas multibolsillo, porta celular y porta martillo, más tirantes acolchados desmontables con clips metálicos que pasan el peso de la cintura a los hombros.

✅ Tela camuflaje resistente
✅ Tirantes acolchados desmontables
✅ Dos bolsas multibolsillo
✅ Porta celular y porta martillo
✅ Cinturón acolchado ajustable

Menos dolor de espalda al final del día. 💪",in stock,new,135.00 USD,https://partnerpathai-tx.github.io/catalogo-productos-forza-workgear/p/010.html,https://raw.githubusercontent.com/partnerpathai-TX/catalogo-productos-forza-workgear/main/productos/19.1.jpg,"https://raw.githubusercontent.com/partnerpathai-TX/catalogo-productos-forza-workgear/main/productos/19.2.jpg,https://raw.githubusercontent.com/partnerpathai-TX/catalogo-productos-forza-workgear/main/productos/19.3.jpg,https://raw.githubusercontent.com/partnerpathai-TX/catalogo-productos-forza-workgear/main/productos/19.4.jpg",Forza WorkGear,,,,no
013-azul,"Tirantes acolchados Zeluga para cinturón de herramientas, azul","💪 Tirantes acolchados Zeluga en azul — quítale el peso a tu cintura

Hombreras anchas acolchadas con malla transpirable y correas totalmente ajustables. Los ganchos metálicos se conectan a prácticamente cualquier cinturón portaherramientas que ya tengas.

✅ Hombreras acolchadas y transpirables
✅ Correas ajustables a tu medida
✅ Ganchos metálicos reforzados
✅ Compatibles con cinturones estándar
✅ Se ajustan a cualquier estatura

Color azul. Si cargas herramienta todo el día, esto es lo primero que deberías comprar. 💪",in stock,new,40.00 USD,https://partnerpathai-tx.github.io/catalogo-productos-forza-workgear/p/013.html,https://raw.githubusercontent.com/partnerpathai-TX/catalogo-productos-forza-workgear/main/productos/28.jpg,,Forza WorkGear,013,Azul,,no
013-rojo,"Tirantes acolchados Zeluga para cinturón de herramientas, rojo","💪 Tirantes acolchados Zeluga en rojo — quítale el peso a tu cintura

Hombreras anchas acolchadas con malla transpirable y correas totalmente ajustables. Los ganchos metálicos se conectan a prácticamente cualquier cinturón portaherramientas que ya tengas.

✅ Hombreras acolchadas y transpirables
✅ Correas ajustables a tu medida
✅ Ganchos metálicos reforzados
✅ Compatibles con cinturones estándar
✅ Se ajustan a cualquier estatura

Color rojo. Si cargas herramienta todo el día, esto es lo primero que deberías comprar. 💪",in stock,new,40.00 USD,https://partnerpathai-tx.github.io/catalogo-productos-forza-workgear/p/013.html,https://raw.githubusercontent.com/partnerpathai-TX/catalogo-productos-forza-workgear/main/productos/28.1.jpg,,Forza WorkGear,013,Rojo,,no
013-naranja,"Tirantes acolchados Zeluga para cinturón de herramientas, naranja","💪 Tirantes acolchados Zeluga en naranja — quítale el peso a tu cintura

Hombreras anchas acolchadas con malla transpirable y correas totalmente ajustables. Los ganchos metálicos se conectan a prácticamente cualquier cinturón portaherramientas que ya tengas.

✅ Hombreras acolchadas y transpirables
✅ Correas ajustables a tu medida
✅ Ganchos metálicos reforzados
✅ Compatibles con cinturones estándar
✅ Naranja de alta visibilidad

Color naranja. Si cargas herramienta todo el día, esto es lo primero que deberías comprar. 💪",in stock,new,40.00 USD,https://partnerpathai-tx.github.io/catalogo-productos-forza-workgear/p/013.html,https://raw.githubusercontent.com/partnerpathai-TX/catalogo-productos-forza-workgear/main/productos/28.2.jpg,,Forza WorkGear,013,Naranja,,no
013-negro,"Tirantes acolchados Zeluga para cinturón de herramientas, negro","💪 Tirantes acolchados Zeluga en negro — quítale el peso a tu cintura

Hombreras anchas acolchadas con malla transpirable y correas totalmente ajustables. Los ganchos metálicos se conectan a prácticamente cualquier cinturón portaherramientas que ya tengas.

✅ Hombreras acolchadas y transpirables
✅ Correas ajustables a tu medida
✅ Hebillas metálicas de ajuste rápido
✅ Compatibles con cinturones estándar
✅ Se ajustan a cualquier estatura

Color negro. Si cargas herramienta todo el día, esto es lo primero que deberías comprar. 💪",in stock,new,40.00 USD,https://partnerpathai-tx.github.io/catalogo-productos-forza-workgear/p/013.html,https://raw.githubusercontent.com/partnerpathai-TX/catalogo-productos-forza-workgear/main/productos/28.3.jpg,,Forza WorkGear,013,Negro,,no
015,"Manguera de aire Zeluga Z-Lite 1/4 x 100 pies, naranja","💨 Manguera de aire Z-Lite 1/4 x 100 pies — la mitad del peso, el doble de comodidad

Poliuretano modelo 21-342 con trenzado interno reforzado y chaqueta exterior. Pesa muchísimo menos que una manguera de hule, así que la arrastras por toda la obra sin cansarte. Conexiones incluidas.

✅ 1/4 de pulgada por 100 pies
✅ Poliuretano ultraligero
✅ Trenzado interno reforzado
✅ Conexiones reusables y reparables en obra
✅ Estabilizada contra rayos UV

Color naranja de alta visibilidad, para que nadie se tropiece. 💪",in stock,new,45.00 USD,https://partnerpathai-tx.github.io/catalogo-productos-forza-workgear/p/015.html,https://raw.githubusercontent.com/partnerpathai-TX/catalogo-productos-forza-workgear/main/productos/32.jpg,,Forza WorkGear,,,,no
017,Set de cinturón portaherramientas Zeluga en lona verde y cuero,"🧰 Set de cinturón portaherramientas Zeluga 89-222 — lona resistente con refuerzo de cuero

Dos bolsas en lona de alta resistencia color verde, ribeteadas y reforzadas con cuero en las esquinas y la boca, más porta martillo, porta cinta métrica y cinturón de cuero 100% genuino con doble hebilla.

✅ Lona de alta resistencia
✅ Refuerzos y ribete de cuero
✅ Cinturón de cuero 100% genuino
✅ Doble hebilla ajustable
✅ Costura doble en puntos de tensión

Ligero como lona, duradero como cuero. 💪",in stock,new,189.00 USD,https://partnerpathai-tx.github.io/catalogo-productos-forza-workgear/p/017.html,https://raw.githubusercontent.com/partnerpathai-TX/catalogo-productos-forza-workgear/main/productos/36.jpg,"https://raw.githubusercontent.com/partnerpathai-TX/catalogo-productos-forza-workgear/main/productos/36.1.jpg,https://raw.githubusercontent.com/partnerpathai-TX/catalogo-productos-forza-workgear/main/productos/36.2.jpg,https://raw.githubusercontent.com/partnerpathai-TX/catalogo-productos-forza-workgear/main/productos/36.3.jpg",Forza WorkGear,,,,no
018-050,"Bota de trabajo Rhino de agujetas con punta de mocasín, café, talla 5","🥾 Bota de trabajo Rhino punta de mocasín — clásica, cómoda y para toda la temporada

Corte alto con agujetas y ojales de latón, cuero curtido al aceite y suela cosida tipo Goodyear. Suela de cuña resistente al aceite que no marca el piso y amortigua al caminar sobre concreto.

✅ Cuero curtido al aceite
✅ Punta de mocasín reforzada
✅ Suela cosida tipo Goodyear
✅ Suela de cuña resistente al aceite
✅ Ojales de latón

Color café. Tallas de la 5 a la 11, incluyendo medias tallas. Para carpintería, techos y obra en general. 💪",in stock,new,95.00 USD,https://partnerpathai-tx.github.io/catalogo-productos-forza-workgear/p/018.html,https://raw.githubusercontent.com/partnerpathai-TX/catalogo-productos-forza-workgear/main/productos/37.jpg,"https://raw.githubusercontent.com/partnerpathai-TX/catalogo-productos-forza-workgear/main/productos/37.1.jpg,https://raw.githubusercontent.com/partnerpathai-TX/catalogo-productos-forza-workgear/main/productos/37.2.jpg",Forza WorkGear,018,Café,5,no
018-055,"Bota de trabajo Rhino de agujetas con punta de mocasín, café, talla 5.5","🥾 Bota de trabajo Rhino punta de mocasín — clásica, cómoda y para toda la temporada

Corte alto con agujetas y ojales de latón, cuero curtido al aceite y suela cosida tipo Goodyear. Suela de cuña resistente al aceite que no marca el piso y amortigua al caminar sobre concreto.

✅ Cuero curtido al aceite
✅ Punta de mocasín reforzada
✅ Suela cosida tipo Goodyear
✅ Suela de cuña resistente al aceite
✅ Ojales de latón

Color café. Tallas de la 5 a la 11, incluyendo medias tallas. Para carpintería, techos y obra en general. 💪",in stock,new,95.00 USD,https://partnerpathai-tx.github.io/catalogo-productos-forza-workgear/p/018.html,https://raw.githubusercontent.com/partnerpathai-TX/catalogo-productos-forza-workgear/main/productos/37.jpg,"https://raw.githubusercontent.com/partnerpathai-TX/catalogo-productos-forza-workgear/main/productos/37.1.jpg,https://raw.githubusercontent.com/partnerpathai-TX/catalogo-productos-forza-workgear/main/productos/37.2.jpg",Forza WorkGear,018,Café,5.5,no
018-060,"Bota de trabajo Rhino de agujetas con punta de mocasín, café, talla 6","🥾 Bota de trabajo Rhino punta de mocasín — clásica, cómoda y para toda la temporada

Corte alto con agujetas y ojales de latón, cuero curtido al aceite y suela cosida tipo Goodyear. Suela de cuña resistente al aceite que no marca el piso y amortigua al caminar sobre concreto.

✅ Cuero curtido al aceite
✅ Punta de mocasín reforzada
✅ Suela cosida tipo Goodyear
✅ Suela de cuña resistente al aceite
✅ Ojales de latón

Color café. Tallas de la 5 a la 11, incluyendo medias tallas. Para carpintería, techos y obra en general. 💪",in stock,new,95.00 USD,https://partnerpathai-tx.github.io/catalogo-productos-forza-workgear/p/018.html,https://raw.githubusercontent.com/partnerpathai-TX/catalogo-productos-forza-workgear/main/productos/37.jpg,"https://raw.githubusercontent.com/partnerpathai-TX/catalogo-productos-forza-workgear/main/productos/37.1.jpg,https://raw.githubusercontent.com/partnerpathai-TX/catalogo-productos-forza-workgear/main/productos/37.2.jpg",Forza WorkGear,018,Café,6,no
018-065,"Bota de trabajo Rhino de agujetas con punta de mocasín, café, talla 6.5","🥾 Bota de trabajo Rhino punta de mocasín — clásica, cómoda y para toda la temporada

Corte alto con agujetas y ojales de latón, cuero curtido al aceite y suela cosida tipo Goodyear. Suela de cuña resistente al aceite que no marca el piso y amortigua al caminar sobre concreto.

✅ Cuero curtido al aceite
✅ Punta de mocasín reforzada
✅ Suela cosida tipo Goodyear
✅ Suela de cuña resistente al aceite
✅ Ojales de latón

Color café. Tallas de la 5 a la 11, incluyendo medias tallas. Para carpintería, techos y obra en general. 💪",in stock,new,95.00 USD,https://partnerpathai-tx.github.io/catalogo-productos-forza-workgear/p/018.html,https://raw.githubusercontent.com/partnerpathai-TX/catalogo-productos-forza-workgear/main/productos/37.jpg,"https://raw.githubusercontent.com/partnerpathai-TX/catalogo-productos-forza-workgear/main/productos/37.1.jpg,https://raw.githubusercontent.com/partnerpathai-TX/catalogo-productos-forza-workgear/main/productos/37.2.jpg",Forza WorkGear,018,Café,6.5,no
018-070,"Bota de trabajo Rhino de agujetas con punta de mocasín, café, talla 7","🥾 Bota de trabajo Rhino punta de mocasín — clásica, cómoda y para toda la temporada

Corte alto con agujetas y ojales de latón, cuero curtido al aceite y suela cosida tipo Goodyear. Suela de cuña resistente al aceite que no marca el piso y amortigua al caminar sobre concreto.

✅ Cuero curtido al aceite
✅ Punta de mocasín reforzada
✅ Suela cosida tipo Goodyear
✅ Suela de cuña resistente al aceite
✅ Ojales de latón

Color café. Tallas de la 5 a la 11, incluyendo medias tallas. Para carpintería, techos y obra en general. 💪",in stock,new,95.00 USD,https://partnerpathai-tx.github.io/catalogo-productos-forza-workgear/p/018.html,https://raw.githubusercontent.com/partnerpathai-TX/catalogo-productos-forza-workgear/main/productos/37.jpg,"https://raw.githubusercontent.com/partnerpathai-TX/catalogo-productos-forza-workgear/main/productos/37.1.jpg,https://raw.githubusercontent.com/partnerpathai-TX/catalogo-productos-forza-workgear/main/productos/37.2.jpg",Forza WorkGear,018,Café,7,no
018-075,"Bota de trabajo Rhino de agujetas con punta de mocasín, café, talla 7.5","🥾 Bota de trabajo Rhino punta de mocasín — clásica, cómoda y para toda la temporada

Corte alto con agujetas y ojales de latón, cuero curtido al aceite y suela cosida tipo Goodyear. Suela de cuña resistente al aceite que no marca el piso y amortigua al caminar sobre concreto.

✅ Cuero curtido al aceite
✅ Punta de mocasín reforzada
✅ Suela cosida tipo Goodyear
✅ Suela de cuña resistente al aceite
✅ Ojales de latón

Color café. Tallas de la 5 a la 11, incluyendo medias tallas. Para carpintería, techos y obra en general. 💪",in stock,new,95.00 USD,https://partnerpathai-tx.github.io/catalogo-productos-forza-workgear/p/018.html,https://raw.githubusercontent.com/partnerpathai-TX/catalogo-productos-forza-workgear/main/productos/37.jpg,"https://raw.githubusercontent.com/partnerpathai-TX/catalogo-productos-forza-workgear/main/productos/37.1.jpg,https://raw.githubusercontent.com/partnerpathai-TX/catalogo-productos-forza-workgear/main/productos/37.2.jpg",Forza WorkGear,018,Café,7.5,no
018-080,"Bota de trabajo Rhino de agujetas con punta de mocasín, café, talla 8","🥾 Bota de trabajo Rhino punta de mocasín — clásica, cómoda y para toda la temporada

Corte alto con agujetas y ojales de latón, cuero curtido al aceite y suela cosida tipo Goodyear. Suela de cuña resistente al aceite que no marca el piso y amortigua al caminar sobre concreto.

✅ Cuero curtido al aceite
✅ Punta de mocasín reforzada
✅ Suela cosida tipo Goodyear
✅ Suela de cuña resistente al aceite
✅ Ojales de latón

Color café. Tallas de la 5 a la 11, incluyendo medias tallas. Para carpintería, techos y obra en general. 💪",in stock,new,95.00 USD,https://partnerpathai-tx.github.io/catalogo-productos-forza-workgear/p/018.html,https://raw.githubusercontent.com/partnerpathai-TX/catalogo-productos-forza-workgear/main/productos/37.jpg,"https://raw.githubusercontent.com/partnerpathai-TX/catalogo-productos-forza-workgear/main/productos/37.1.jpg,https://raw.githubusercontent.com/partnerpathai-TX/catalogo-productos-forza-workgear/main/productos/37.2.jpg",Forza WorkGear,018,Café,8,no
018-085,"Bota de trabajo Rhino de agujetas con punta de mocasín, café, talla 8.5","🥾 Bota de trabajo Rhino punta de mocasín — clásica, cómoda y para toda la temporada

Corte alto con agujetas y ojales de latón, cuero curtido al aceite y suela cosida tipo Goodyear. Suela de cuña resistente al aceite que no marca el piso y amortigua al caminar sobre concreto.

✅ Cuero curtido al aceite
✅ Punta de mocasín reforzada
✅ Suela cosida tipo Goodyear
✅ Suela de cuña resistente al aceite
✅ Ojales de latón

Color café. Tallas de la 5 a la 11, incluyendo medias tallas. Para carpintería, techos y obra en general. 💪",in stock,new,95.00 USD,https://partnerpathai-tx.github.io/catalogo-productos-forza-workgear/p/018.html,https://raw.githubusercontent.com/partnerpathai-TX/catalogo-productos-forza-workgear/main/productos/37.jpg,"https://raw.githubusercontent.com/partnerpathai-TX/catalogo-productos-forza-workgear/main/productos/37.1.jpg,https://raw.githubusercontent.com/partnerpathai-TX/catalogo-productos-forza-workgear/main/productos/37.2.jpg",Forza WorkGear,018,Café,8.5,no
018-090,"Bota de trabajo Rhino de agujetas con punta de mocasín, café, talla 9","🥾 Bota de trabajo Rhino punta de mocasín — clásica, cómoda y para toda la temporada

Corte alto con agujetas y ojales de latón, cuero curtido al aceite y suela cosida tipo Goodyear. Suela de cuña resistente al aceite que no marca el piso y amortigua al caminar sobre concreto.

✅ Cuero curtido al aceite
✅ Punta de mocasín reforzada
✅ Suela cosida tipo Goodyear
✅ Suela de cuña resistente al aceite
✅ Ojales de latón

Color café. Tallas de la 5 a la 11, incluyendo medias tallas. Para carpintería, techos y obra en general. 💪",in stock,new,95.00 USD,https://partnerpathai-tx.github.io/catalogo-productos-forza-workgear/p/018.html,https://raw.githubusercontent.com/partnerpathai-TX/catalogo-productos-forza-workgear/main/productos/37.jpg,"https://raw.githubusercontent.com/partnerpathai-TX/catalogo-productos-forza-workgear/main/productos/37.1.jpg,https://raw.githubusercontent.com/partnerpathai-TX/catalogo-productos-forza-workgear/main/productos/37.2.jpg",Forza WorkGear,018,Café,9,no
018-095,"Bota de trabajo Rhino de agujetas con punta de mocasín, café, talla 9.5","🥾 Bota de trabajo Rhino punta de mocasín — clásica, cómoda y para toda la temporada

Corte alto con agujetas y ojales de latón, cuero curtido al aceite y suela cosida tipo Goodyear. Suela de cuña resistente al aceite que no marca el piso y amortigua al caminar sobre concreto.

✅ Cuero curtido al aceite
✅ Punta de mocasín reforzada
✅ Suela cosida tipo Goodyear
✅ Suela de cuña resistente al aceite
✅ Ojales de latón

Color café. Tallas de la 5 a la 11, incluyendo medias tallas. Para carpintería, techos y obra en general. 💪",in stock,new,95.00 USD,https://partnerpathai-tx.github.io/catalogo-productos-forza-workgear/p/018.html,https://raw.githubusercontent.com/partnerpathai-TX/catalogo-productos-forza-workgear/main/productos/37.jpg,"https://raw.githubusercontent.com/partnerpathai-TX/catalogo-productos-forza-workgear/main/productos/37.1.jpg,https://raw.githubusercontent.com/partnerpathai-TX/catalogo-productos-forza-workgear/main/productos/37.2.jpg",Forza WorkGear,018,Café,9.5,no
018-100,"Bota de trabajo Rhino de agujetas con punta de mocasín, café, talla 10","🥾 Bota de trabajo Rhino punta de mocasín — clásica, cómoda y para toda la temporada

Corte alto con agujetas y ojales de latón, cuero curtido al aceite y suela cosida tipo Goodyear. Suela de cuña resistente al aceite que no marca el piso y amortigua al caminar sobre concreto.

✅ Cuero curtido al aceite
✅ Punta de mocasín reforzada
✅ Suela cosida tipo Goodyear
✅ Suela de cuña resistente al aceite
✅ Ojales de latón

Color café. Tallas de la 5 a la 11, incluyendo medias tallas. Para carpintería, techos y obra en general. 💪",in stock,new,95.00 USD,https://partnerpathai-tx.github.io/catalogo-productos-forza-workgear/p/018.html,https://raw.githubusercontent.com/partnerpathai-TX/catalogo-productos-forza-workgear/main/productos/37.jpg,"https://raw.githubusercontent.com/partnerpathai-TX/catalogo-productos-forza-workgear/main/productos/37.1.jpg,https://raw.githubusercontent.com/partnerpathai-TX/catalogo-productos-forza-workgear/main/productos/37.2.jpg",Forza WorkGear,018,Café,10,no
018-105,"Bota de trabajo Rhino de agujetas con punta de mocasín, café, talla 10.5","🥾 Bota de trabajo Rhino punta de mocasín — clásica, cómoda y para toda la temporada

Corte alto con agujetas y ojales de latón, cuero curtido al aceite y suela cosida tipo Goodyear. Suela de cuña resistente al aceite que no marca el piso y amortigua al caminar sobre concreto.

✅ Cuero curtido al aceite
✅ Punta de mocasín reforzada
✅ Suela cosida tipo Goodyear
✅ Suela de cuña resistente al aceite
✅ Ojales de latón

Color café. Tallas de la 5 a la 11, incluyendo medias tallas. Para carpintería, techos y obra en general. 💪",in stock,new,95.00 USD,https://partnerpathai-tx.github.io/catalogo-productos-forza-workgear/p/018.html,https://raw.githubusercontent.com/partnerpathai-TX/catalogo-productos-forza-workgear/main/productos/37.jpg,"https://raw.githubusercontent.com/partnerpathai-TX/catalogo-productos-forza-workgear/main/productos/37.1.jpg,https://raw.githubusercontent.com/partnerpathai-TX/catalogo-productos-forza-workgear/main/productos/37.2.jpg",Forza WorkGear,018,Café,10.5,no
018-110,"Bota de trabajo Rhino de agujetas con punta de mocasín, café, talla 11","🥾 Bota de trabajo Rhino punta de mocasín — clásica, cómoda y para toda la temporada

Corte alto con agujetas y ojales de latón, cuero curtido al aceite y suela cosida tipo Goodyear. Suela de cuña resistente al aceite que no marca el piso y amortigua al caminar sobre concreto.

✅ Cuero curtido al aceite
✅ Punta de mocasín reforzada
✅ Suela cosida tipo Goodyear
✅ Suela de cuña resistente al aceite
✅ Ojales de latón

Color café. Tallas de la 5 a la 11, incluyendo medias tallas. Para carpintería, techos y obra en general. 💪",in stock,new,95.00 USD,https://partnerpathai-tx.github.io/catalogo-productos-forza-workgear/p/018.html,https://raw.githubusercontent.com/partnerpathai-TX/catalogo-productos-forza-workgear/main/productos/37.jpg,"https://raw.githubusercontent.com/partnerpathai-TX/catalogo-productos-forza-workgear/main/productos/37.1.jpg,https://raw.githubusercontent.com/partnerpathai-TX/catalogo-productos-forza-workgear/main/productos/37.2.jpg",Forza WorkGear,018,Café,11,no
020,Clavadora neumática de rollo para techo Zeluga 15 grados 28-145,"🔩 Clavadora de rollo para techo Zeluga 28-145 — ponle ritmo al retecho

Clavadora neumática de rollo a 15 grados para clavo de 3/4 a 1-3/4 de pulgada, con capacidad de 120 clavos por carga. Cuerpo de aluminio tratado térmicamente: fuerte, pero de solo 2.75 kilos para que no te canse el brazo.

✅ Clavo de 3/4 a 1-3/4 de pulgada
✅ Capacidad de 120 clavos
✅ Aluminio tratado térmicamente
✅ Peso ligero de 2.75 kilos
✅ Presión de operación de 70 a 110 PSI

Para teja, cubiertas de madera, aislante, recubrimiento de vinil y fibrocemento. 💪",in stock,new,240.00 USD,https://partnerpathai-tx.github.io/catalogo-productos-forza-workgear/p/020.html,https://raw.githubusercontent.com/partnerpathai-TX/catalogo-productos-forza-workgear/main/productos/42.jpg,https://raw.githubusercontent.com/partnerpathai-TX/catalogo-productos-forza-workgear/main/productos/42.1.jpg,Forza WorkGear,,,,no
021,Clavadora neumática estructural Zeluga 28-512,"🔩 Clavadora neumática estructural Zeluga 28-512 — para armar estructura rápido y parejo

Cargador angulado de aluminio endurecido que mantiene el balance de la herramienta aun cargada, gatillo de disparo simple y por golpe, y mecanismo de seguridad de una sola pieza.

✅ Cargador de aluminio endurecido
✅ Disparo simple y por golpe
✅ Mecanismo de seguridad de una pieza
✅ Balance para trabajo continuo
✅ Un año de garantía limitada

Para armar muros, entrepisos y estructura de madera. 💪",in stock,new,250.00 USD,https://partnerpathai-tx.github.io/catalogo-productos-forza-workgear/p/021.html,https://raw.githubusercontent.com/partnerpathai-TX/catalogo-productos-forza-workgear/main/productos/43.jpg,,Forza WorkGear,,,,no
023-azul,"Manguera de aire Coilhose Flexeel reforzada 1/4 x 100 pies, azul","💨 Manguera Coilhose Flexeel en azul — la original, y se nota

Manguera de aire reforzada de 1/4 por 100 pies, hasta 50% más ligera que una de hule y flexible incluso bajo cero. Resiste abrasión, aceites y grasas mucho mejor que el PVC o el hule común.

✅ Hasta 50% más ligera que el hule
✅ Flexible en temperaturas bajo cero
✅ Resiste aceites y grasas
✅ 200 PSI a 70 grados F
✅ Rango de -40 a 165 grados F

Color azul. Modelo PFEA1004T. 💪",in stock,new,120.00 USD,https://partnerpathai-tx.github.io/catalogo-productos-forza-workgear/p/023.html,https://raw.githubusercontent.com/partnerpathai-TX/catalogo-productos-forza-workgear/main/productos/46.jpg,,Forza WorkGear,023,Azul,,no
023-rojo,"Manguera de aire Coilhose Flexeel reforzada 1/4 x 100 pies, roja","💨 Manguera Coilhose Flexeel en rojo — la original, y se nota

Manguera de aire reforzada de 1/4 por 100 pies, hasta 50% más ligera que una de hule y flexible incluso bajo cero. Resiste abrasión, aceites y grasas mucho mejor que el PVC o el hule común.

✅ Hasta 50% más ligera que el hule
✅ Flexible en temperaturas bajo cero
✅ Resiste aceites y grasas
✅ 200 PSI a 70 grados F
✅ Rango de -40 a 165 grados F

Color rojo. Modelo PFEA1004TR. 💪",in stock,new,120.00 USD,https://partnerpathai-tx.github.io/catalogo-productos-forza-workgear/p/023.html,https://raw.githubusercontent.com/partnerpathai-TX/catalogo-productos-forza-workgear/main/productos/46.1.jpg,,Forza WorkGear,023,Rojo,,no
023-amarillo,"Manguera de aire Coilhose Flexeel reforzada 1/4 x 100 pies, amarilla","💨 Manguera Coilhose Flexeel en amarillo — la original, y se nota

Manguera de aire reforzada de 1/4 por 100 pies, hasta 50% más ligera que una de hule y flexible incluso bajo cero. Resiste abrasión, aceites y grasas mucho mejor que el PVC o el hule común.

✅ Hasta 50% más ligera que el hule
✅ Flexible en temperaturas bajo cero
✅ Resiste aceites y grasas
✅ 200 PSI a 70 grados F
✅ Amarillo visible en piso de obra

Color amarillo. Modelo PFE41004TY. 💪",in stock,new,120.00 USD,https://partnerpathai-tx.github.io/catalogo-productos-forza-workgear/p/023.html,https://raw.githubusercontent.com/partnerpathai-TX/catalogo-productos-forza-workgear/main/productos/46.2.jpg,,Forza WorkGear,023,Amarillo,,no
027,Set de cinturón portaherramientas Zeluga en lona negra y cuero,"🧰 Set de cinturón portaherramientas Zeluga en lona negra — resistencia sin el peso del cuero

Dos bolsas en lona encerada negra con refuerzos y ribete de cuero color vino, porta martillo, porta cinta métrica de acero y cinturón de cuero con hebilla de acero.

✅ Lona encerada resistente al agua
✅ Refuerzos y ribete de cuero
✅ Porta martillo y porta cinta
✅ Cinturón de cuero con hebilla de acero
✅ Costura doble y remaches de tensión

Para uso rudo diario en construcción y remodelación. 💪",in stock,new,189.00 USD,https://partnerpathai-tx.github.io/catalogo-productos-forza-workgear/p/027.html,https://raw.githubusercontent.com/partnerpathai-TX/catalogo-productos-forza-workgear/main/productos/61.jpg,"https://raw.githubusercontent.com/partnerpathai-TX/catalogo-productos-forza-workgear/main/productos/61.1.jpg,https://raw.githubusercontent.com/partnerpathai-TX/catalogo-productos-forza-workgear/main/productos/61.2.jpg",Forza WorkGear,,,,no
028,Cinturón portaherramientas Zeluga de poliéster con tirantes,"🧰 Set portaherramientas Zeluga de poliéster — ligero, lavable y de alta visibilidad

Cinturón acolchado con ojales metálicos, dos bolsas con bolsillos ribeteados en naranja de alta visibilidad, porta martillo y tirantes acolchados desmontables. Encuentras la herramienta de un vistazo.

✅ Poliéster resistente y lavable
✅ Interiores naranja de alta visibilidad
✅ Tirantes acolchados desmontables
✅ Cinturón acolchado con ojales metálicos
✅ Porta martillo y bolsillos organizadores

Mucho más ligero que un set de cuero. 💪",in stock,new,135.00 USD,https://partnerpathai-tx.github.io/catalogo-productos-forza-workgear/p/028.html,https://raw.githubusercontent.com/partnerpathai-TX/catalogo-productos-forza-workgear/main/productos/68.jpg,"https://raw.githubusercontent.com/partnerpathai-TX/catalogo-productos-forza-workgear/main/productos/68.1.jpg,https://raw.githubusercontent.com/partnerpathai-TX/catalogo-productos-forza-workgear/main/productos/68.2.jpg,https://raw.githubusercontent.com/partnerpathai-TX/catalogo-productos-forza-workgear/main/productos/68.3.jpg",Forza WorkGear,,,,no
029,Arnés de cuerpo completo Zeluga para trabajo en altura,"🦺 Arnés de cuerpo completo Zeluga — porque de altura no se regresa dos veces

Argolla dorsal en D, argollas laterales y frontal para posicionamiento, hombreras y cinturón acolchados que reparten la carga, y hebillas ajustables en piernas y pecho para que quede a tu medida.

✅ Argolla dorsal en D de acero
✅ Argollas laterales y frontal
✅ Hombreras y cinturón acolchados
✅ Ajuste en piernas y pecho
✅ Cintas de alta resistencia

Para trabajo en altura, andamio, torre y rescate. 💪",in stock,new,135.00 USD,https://partnerpathai-tx.github.io/catalogo-productos-forza-workgear/p/029.html,https://raw.githubusercontent.com/partnerpathai-TX/catalogo-productos-forza-workgear/main/productos/79.jpg,https://raw.githubusercontent.com/partnerpathai-TX/catalogo-productos-forza-workgear/main/productos/79.1.jpg,Forza WorkGear,,,,no
030-natural,"Funda de cuero para electricista Zeluga 20-169, color natural","🧰 Funda de cuero para electricista Zeluga 20-169 — cuero natural que se cura con el uso

Cuero natural sin teñir con tapa protectora, múltiples bolsillos y divisiones para desarmadores y pinzas, porta cinta métrica de acero, gancho giratorio y presilla ancha para cinturón.

✅ Cuero natural de uso rudo
✅ Tapa protectora
✅ Múltiples compartimentos
✅ Porta cinta métrica de acero
✅ Gancho giratorio reforzado

Color natural, que se oscurece parejo conforme lo usas. 💪",in stock,new,50.00 USD,https://partnerpathai-tx.github.io/catalogo-productos-forza-workgear/p/030.html,https://raw.githubusercontent.com/partnerpathai-TX/catalogo-productos-forza-workgear/main/productos/81.jpg,,Forza WorkGear,030,Natural,,no
030-cafe,"Funda de cuero para electricista Zeluga 20-169, color café","🧰 Funda de cuero para electricista Zeluga 20-169 — cuero café, listo para usarse

Cuero teñido color café con tapa protectora, múltiples bolsillos y divisiones para desarmadores y pinzas, porta cinta métrica de acero, gancho giratorio y presilla ancha para cinturón.

✅ Cuero genuino de uso rudo
✅ Tapa protectora
✅ Múltiples compartimentos
✅ Porta cinta métrica de acero
✅ Gancho giratorio reforzado

Color café, que no se marca tanto con el uso diario. 💪",in stock,new,50.00 USD,https://partnerpathai-tx.github.io/catalogo-productos-forza-workgear/p/030.html,https://raw.githubusercontent.com/partnerpathai-TX/catalogo-productos-forza-workgear/main/productos/81.2.jpg,https://raw.githubusercontent.com/partnerpathai-TX/catalogo-productos-forza-workgear/main/productos/81.1.jpg,Forza WorkGear,030,Café,,no
033,Set de cinturón portaherramientas de cuero café Zeluga,"🧰 Set de cinturón portaherramientas de cuero café Zeluga — el equipo completo

Dos bolsas de cuero gamuza con tapa de cuero liso, porta martillo metálico, porta cinta métrica y cinturón ajustable. Múltiples bolsillos de distintos tamaños y remaches en cada punto de tensión.

✅ Cuero gamuza de uso rudo
✅ Tapas de cuero liso protectoras
✅ Porta martillo metálico
✅ Múltiples compartimentos
✅ Cinturón ajustable

Para carpintería, construcción y remodelación. 💪",in stock,new,95.00 USD,https://partnerpathai-tx.github.io/catalogo-productos-forza-workgear/p/033.html,https://raw.githubusercontent.com/partnerpathai-TX/catalogo-productos-forza-workgear/main/productos/91.jpg,,Forza WorkGear,,,,no
034,Pala quita tejas dentada con mango tipo D,"🏠 Pala quita tejas dentada — levanta teja y clavo de un solo tirón

Cabeza de acero con dientes que atrapan la cabeza del clavo y punto de apoyo reforzado que hace palanca por ti. Mango con agarradera tipo D para jalar con las dos manos sin que se te resbale.

✅ Cabeza de acero dentada
✅ Punto de apoyo reforzado
✅ Agarradera tipo D
✅ Saca teja y clavos juntos
✅ Acabado naranja de alta visibilidad

La herramienta que hace rápido un retecho. 💪",in stock,new,65.00 USD,https://partnerpathai-tx.github.io/catalogo-productos-forza-workgear/p/034.html,https://raw.githubusercontent.com/partnerpathai-TX/catalogo-productos-forza-workgear/main/productos/92.jpg,"https://raw.githubusercontent.com/partnerpathai-TX/catalogo-productos-forza-workgear/main/productos/92.1.jpg,https://raw.githubusercontent.com/partnerpathai-TX/catalogo-productos-forza-workgear/main/productos/92.2.jpg",Forza WorkGear,,,,no
