id,producto_base,foto_principal,fotos_adicionales,image_link,additional_image_link,title,description,price,link,brand,availability,condition
001,1,1.1.jpg,"1.2.jpg, 1.3.jpg",https://raw.githubusercontent.com/partnerpathai-TX/catalogo-productos-forza-workgear/main/productos/1.1.jpg,"https://raw.githubusercontent.com/partnerpathai-TX/catalogo-productos-forza-workgear/main/productos/1.2.jpg,https://raw.githubusercontent.com/partnerpathai-TX/catalogo-productos-forza-workgear/main/productos/1.3.jpg",,,,,Forza WorkGear,in stock,new
002,4,4.jpg,4.1.jpg,https://raw.githubusercontent.com/partnerpathai-TX/catalogo-productos-forza-workgear/main/productos/4.jpg,https://raw.githubusercontent.com/partnerpathai-TX/catalogo-productos-forza-workgear/main/productos/4.1.jpg,,,,,Forza WorkGear,in stock,new
003,5,5.jpg,,https://raw.githubusercontent.com/partnerpathai-TX/catalogo-productos-forza-workgear/main/productos/5.jpg,,,,,,Forza WorkGear,in stock,new
004,6,6.jpg,,https://raw.githubusercontent.com/partnerpathai-TX/catalogo-productos-forza-workgear/main/productos/6.jpg,,,,,,Forza WorkGear,in stock,new
005,9,9.jpg,9.1.jpg,https://raw.githubusercontent.com/partnerpathai-TX/catalogo-productos-forza-workgear/main/productos/9.jpg,https://raw.githubusercontent.com/partnerpathai-TX/catalogo-productos-forza-workgear/main/productos/9.1.jpg,,,,,Forza WorkGear,in stock,new
006,12,12.jpg,12.1.jpg,https://raw.githubusercontent.com/partnerpathai-TX/catalogo-productos-forza-workgear/main/productos/12.jpg,https://raw.githubusercontent.com/partnerpathai-TX/catalogo-productos-forza-workgear/main/productos/12.1.jpg,,,,,Forza WorkGear,in stock,new
007,13,13.jpg,"13.1.jpg, 13.2.jpg, 13.3.jpg, 13.4.jpg",https://raw.githubusercontent.com/partnerpathai-TX/catalogo-productos-forza-workgear/main/productos/13.jpg,"https://raw.githubusercontent.com/partnerpathai-TX/catalogo-productos-forza-workgear/main/productos/13.1.jpg,https://raw.githubusercontent.com/partnerpathai-TX/catalogo-productos-forza-workgear/main/productos/13.2.jpg,https://raw.githubusercontent.com/partnerpathai-TX/catalogo-productos-forza-workgear/main/productos/13.3.jpg,https://raw.githubusercontent.com/partnerpathai-TX/catalogo-productos-forza-workgear/main/productos/13.4.jpg",,,,,Forza WorkGear,in stock,new
008,14,14.jpg,"14.1.jpg, 14.2.jpg, 14.3.jpg",https://raw.githubusercontent.com/partnerpathai-TX/catalogo-productos-forza-workgear/main/productos/14.jpg,"https://raw.githubusercontent.com/partnerpathai-TX/catalogo-productos-forza-workgear/main/productos/14.1.jpg,https://raw.githubusercontent.com/partnerpathai-TX/catalogo-productos-forza-workgear/main/productos/14.2.jpg,https://raw.githubusercontent.com/partnerpathai-TX/catalogo-productos-forza-workgear/main/productos/14.3.jpg",,,,,Forza WorkGear,in stock,new
009,15,15.jpg,15.1.jpg,https://raw.githubusercontent.com/partnerpathai-TX/catalogo-productos-forza-workgear/main/productos/15.jpg,https://raw.githubusercontent.com/partnerpathai-TX/catalogo-productos-forza-workgear/main/productos/15.1.jpg,,,,,Forza WorkGear,in stock,new
010,19,19.1.jpg,"19.2.jpg, 19.3.jpg, 19.4.jpg",https://raw.githubusercontent.com/partnerpathai-TX/catalogo-productos-forza-workgear/main/productos/19.1.jpg,"https://raw.githubusercontent.com/partnerpathai-TX/catalogo-productos-forza-workgear/main/productos/19.2.jpg,https://raw.githubusercontent.com/partnerpathai-TX/catalogo-productos-forza-workgear/main/productos/19.3.jpg,https://raw.githubusercontent.com/partnerpathai-TX/catalogo-productos-forza-workgear/main/productos/19.4.jpg",,,,,Forza WorkGear,in stock,new
011,21,21.jpg,21.1.jpg,https://raw.githubusercontent.com/partnerpathai-TX/catalogo-productos-forza-workgear/main/productos/21.jpg,https://raw.githubusercontent.com/partnerpathai-TX/catalogo-productos-forza-workgear/main/productos/21.1.jpg,,,,,Forza WorkGear,in stock,new
012,25,25.jpg,25.1.jpg,https://raw.githubusercontent.com/partnerpathai-TX/catalogo-productos-forza-workgear/main/productos/25.jpg,https://raw.githubusercontent.com/partnerpathai-TX/catalogo-productos-forza-workgear/main/productos/25.1.jpg,,,,,Forza WorkGear,in stock,new
013,28,28.jpg,"28.1.jpg, 28.2.jpg, 28.3.jpg",https://raw.githubusercontent.com/partnerpathai-TX/catalogo-productos-forza-workgear/main/productos/28.jpg,"https://raw.githubusercontent.com/partnerpathai-TX/catalogo-productos-forza-workgear/main/productos/28.1.jpg,https://raw.githubusercontent.com/partnerpathai-TX/catalogo-productos-forza-workgear/main/productos/28.2.jpg,https://raw.githubusercontent.com/partnerpathai-TX/catalogo-productos-forza-workgear/main/productos/28.3.jpg",,,,,Forza WorkGear,in stock,new
014,30,30.jpg,"30.1.jpg, 30.2.jpg, 30.3.jpg",https://raw.githubusercontent.com/partnerpathai-TX/catalogo-productos-forza-workgear/main/productos/30.jpg,"https://raw.githubusercontent.com/partnerpathai-TX/catalogo-productos-forza-workgear/main/productos/30.1.jpg,https://raw.githubusercontent.com/partnerpathai-TX/catalogo-productos-forza-workgear/main/productos/30.2.jpg,https://raw.githubusercontent.com/partnerpathai-TX/catalogo-productos-forza-workgear/main/productos/30.3.jpg",,,,,Forza WorkGear,in stock,new
015,32,32.jpg,,https://raw.githubusercontent.com/partnerpathai-TX/catalogo-productos-forza-workgear/main/productos/32.jpg,,,,,,Forza WorkGear,in stock,new
016,35,35.jpg,,https://raw.githubusercontent.com/partnerpathai-TX/catalogo-productos-forza-workgear/main/productos/35.jpg,,,,,,Forza WorkGear,in stock,new
017,36,36.jpg,"36.1.jpg, 36.2.jpg, 36.3.jpg",https://raw.githubusercontent.com/partnerpathai-TX/catalogo-productos-forza-workgear/main/productos/36.jpg,"https://raw.githubusercontent.com/partnerpathai-TX/catalogo-productos-forza-workgear/main/productos/36.1.jpg,https://raw.githubusercontent.com/partnerpathai-TX/catalogo-productos-forza-workgear/main/productos/36.2.jpg,https://raw.githubusercontent.com/partnerpathai-TX/catalogo-productos-forza-workgear/main/productos/36.3.jpg",,,,,Forza WorkGear,in stock,new
018,37,37.jpg,"37.1.jpg, 37.2.jpg",https://raw.githubusercontent.com/partnerpathai-TX/catalogo-productos-forza-workgear/main/productos/37.jpg,"https://raw.githubusercontent.com/partnerpathai-TX/catalogo-productos-forza-workgear/main/productos/37.1.jpg,https://raw.githubusercontent.com/partnerpathai-TX/catalogo-productos-forza-workgear/main/productos/37.2.jpg",,,,,Forza WorkGear,in stock,new
019,38,38.1.jpg,38.2.jpg,https://raw.githubusercontent.com/partnerpathai-TX/catalogo-productos-forza-workgear/main/productos/38.1.jpg,https://raw.githubusercontent.com/partnerpathai-TX/catalogo-productos-forza-workgear/main/productos/38.2.jpg,,,,,Forza WorkGear,in stock,new
020,42,42.jpg,42.1.jpg,https://raw.githubusercontent.com/partnerpathai-TX/catalogo-productos-forza-workgear/main/productos/42.jpg,https://raw.githubusercontent.com/partnerpathai-TX/catalogo-productos-forza-workgear/main/productos/42.1.jpg,,,,,Forza WorkGear,in stock,new
021,43,43.jpg,,https://raw.githubusercontent.com/partnerpathai-TX/catalogo-productos-forza-workgear/main/productos/43.jpg,,,,,,Forza WorkGear,in stock,new
022,45,45.jpg,,https://raw.githubusercontent.com/partnerpathai-TX/catalogo-productos-forza-workgear/main/productos/45.jpg,,,,,,Forza WorkGear,in stock,new
023,46,46.jpg,"46.1.jpg, 46.2.jpg",https://raw.githubusercontent.com/partnerpathai-TX/catalogo-productos-forza-workgear/main/productos/46.jpg,"https://raw.githubusercontent.com/partnerpathai-TX/catalogo-productos-forza-workgear/main/productos/46.1.jpg,https://raw.githubusercontent.com/partnerpathai-TX/catalogo-productos-forza-workgear/main/productos/46.2.jpg",,,,,Forza WorkGear,in stock,new
024,47,47.jpg,,https://raw.githubusercontent.com/partnerpathai-TX/catalogo-productos-forza-workgear/main/productos/47.jpg,,,,,,Forza WorkGear,in stock,new
025,55,55.jpg,,https://raw.githubusercontent.com/partnerpathai-TX/catalogo-productos-forza-workgear/main/productos/55.jpg,,,,,,Forza WorkGear,in stock,new
026,59,59.jpg,,https://raw.githubusercontent.com/partnerpathai-TX/catalogo-productos-forza-workgear/main/productos/59.jpg,,,,,,Forza WorkGear,in stock,new
027,61,61.jpg,"61.1.jpg, 61.2.jpg",https://raw.githubusercontent.com/partnerpathai-TX/catalogo-productos-forza-workgear/main/productos/61.jpg,"https://raw.githubusercontent.com/partnerpathai-TX/catalogo-productos-forza-workgear/main/productos/61.1.jpg,https://raw.githubusercontent.com/partnerpathai-TX/catalogo-productos-forza-workgear/main/productos/61.2.jpg",,,,,Forza WorkGear,in stock,new
028,68,68.jpg,"68.1.jpg, 68.2.jpg, 68.3.jpg",https://raw.githubusercontent.com/partnerpathai-TX/catalogo-productos-forza-workgear/main/productos/68.jpg,"https://raw.githubusercontent.com/partnerpathai-TX/catalogo-productos-forza-workgear/main/productos/68.1.jpg,https://raw.githubusercontent.com/partnerpathai-TX/catalogo-productos-forza-workgear/main/productos/68.2.jpg,https://raw.githubusercontent.com/partnerpathai-TX/catalogo-productos-forza-workgear/main/productos/68.3.jpg",,,,,Forza WorkGear,in stock,new
029,79,79.jpg,79.1.jpg,https://raw.githubusercontent.com/partnerpathai-TX/catalogo-productos-forza-workgear/main/productos/79.jpg,https://raw.githubusercontent.com/partnerpathai-TX/catalogo-productos-forza-workgear/main/productos/79.1.jpg,,,,,Forza WorkGear,in stock,new
030,81,81.jpg,"81.1.jpg, 81.2.jpg",https://raw.githubusercontent.com/partnerpathai-TX/catalogo-productos-forza-workgear/main/productos/81.jpg,"https://raw.githubusercontent.com/partnerpathai-TX/catalogo-productos-forza-workgear/main/productos/81.1.jpg,https://raw.githubusercontent.com/partnerpathai-TX/catalogo-productos-forza-workgear/main/productos/81.2.jpg",,,,,Forza WorkGear,in stock,new
031,87,87.jpg,,https://raw.githubusercontent.com/partnerpathai-TX/catalogo-productos-forza-workgear/main/productos/87.jpg,,,,,,Forza WorkGear,in stock,new
032,90,90.jpg,,https://raw.githubusercontent.com/partnerpathai-TX/catalogo-productos-forza-workgear/main/productos/90.jpg,,,,,,Forza WorkGear,in stock,new
033,91,91.jpg,,https://raw.githubusercontent.com/partnerpathai-TX/catalogo-productos-forza-workgear/main/productos/91.jpg,,,,,,Forza WorkGear,in stock,new
034,92,92.jpg,"92.1.jpg, 92.2.jpg",https://raw.githubusercontent.com/partnerpathai-TX/catalogo-productos-forza-workgear/main/productos/92.jpg,"https://raw.githubusercontent.com/partnerpathai-TX/catalogo-productos-forza-workgear/main/productos/92.1.jpg,https://raw.githubusercontent.com/partnerpathai-TX/catalogo-productos-forza-workgear/main/productos/92.2.jpg",,,,,Forza WorkGear,in stock,new